pdp_url,image,selling_price,product_name,product_description,size,color,review,rating
https://www2.hm.com/en_in/productpage.1251288001.html,https://image.hm.com/assets/hm/de/6a/de6a185476cc01ecad009c0a8b44a72fd1c7dad9.jpg, 2299.00,Regular Fit Hole-knit resort shirt,"Shirt in a soft hole knit with a resort collar, buttons down the front and a yoke at the back. Long sleeves with buttoned cuffs and a sleeve placket. Regular fit for comfortable wear and a classic silhouette.","['XS', 'S', 'M', 'L', 'XL', 'XXL']",Black,,
https://www2.hm.com/en_in/productpage.1231419001.html,https://image.hm.com/assets/hm/c7/19/c719821acea0b748a3955ed266b8dfbcd3b2e09b.jpg, 2299.00,Regular Fit Utility overshirt,"Overshirt in a stretch weave with a collar, French front, flap front pockets and a yoke at the back. Gently dropped shoulders and long sleeves with buttoned cuffs. Regular fit for comfortable wear and a classic silhouette.","['XS', 'S', 'M', 'L', 'XL', 'XXL']",Black, 8,5.0
https://www2.hm.com/en_in/productpage.1234988002.html,https://image.hm.com/assets/hm/b6/3b/b63b259146952d8c0e2ef74477ae48c4c527658c.jpg, 2999.00,Regular Fit Zip-through overshirt,"Overshirt in brushed twill with a collar, zip down the front, yoke at the back, open chest pockets and long sleeves with buttoned cuffs. Regular fit for comfortable wear and a classic silhouette. Partly lined.","['XS', 'S', 'M', 'L', 'XL', 'XXL']",Grey/checked, 17,4.7
https://www2.hm.com/en_in/productpage.1234958004.html,https://image.hm.com/assets/hm/21/9c/219cefcc676b208300b011a558ba8a0f036cbcdd.jpg, 1999.00,Regular Fit Flannel shirt,"Shirt in soft cotton flannel with a turn-down collar, classic front and yoke at the back. Long sleeves with adjustable buttoning at the cuffs, and a rounded hem. Regular fit for comfortable wear and a classic silhouette.","['XS', 'S', 'M', 'L', 'XL', 'XXL']",Navy blue, 52,4.6
https://www2.hm.com/en_in/productpage.1256945009.html,https://image.hm.com/assets/hm/d2/a3/d2a39b5dc67f3892e3e66fc50f5bc3c5a9452e5f.jpg, 2299.00,Regular Fit Linen-blend shirt,"Shirt in an airy cotton and linen weave with a turn-down collar, classic front, a yoke at the back and an open chest pocket. Long sleeves with adjustable buttoning at the cuffs and a sleeve placket with a link button. Rounded hem. Regular fit for comfortable wear and a classic silhouette. Cotton and linen blends combine the softness of cotton with the sturdiness of linen, creating a beautiful, textured fabric that is breathable and drapes perfectly.","['XS', 'S', 'M', 'L', 'XL', 'XXL']",Beige/Striped, 13,4.7
https://www2.hm.com/en_in/productpage.1227910001.html,https://image.hm.com/assets/hm/8f/0b/8f0b4a51baa2ee9c42cb5b9440ebe2f4b7b51205.jpg, 2999.00,Regular Fit Overshirt,"Overshirt in a soft weave with a turn-down collar, French front, an open chest pocket, a yoke at the back, long sleeves with buttoned cuffs, and a rounded hem. Regular fit for comfortable wear and a classic silhouette.","['XS', 'S', 'M', 'L', 'XL', 'XXL']",Light beige, 33,4.7
https://www2.hm.com/en_in/productpage.1273996004.html,https://image.hm.com/assets/hm/ac/15/ac159d7cd943f7f7794ea74889fe09c2c8d292b2.jpg, 2299.00,Loose Fit Ribbed resort shirt,"Short-sleeved shirt in ribbed jersey with a resort collar, French front, yoke at the back and a straight-cut hem with a slit at each side. Loose fit for a generous but not oversized silhouette.","['XS', 'S', 'M', 'L', 'XL', 'XXL']",Dark beige,,
https://www2.hm.com/en_in/productpage.1231419006.html,https://image.hm.com/assets/hm/a9/2b/a92bf24be7652337b4b91aa980204877b9e679af.jpg, 2299.00,Regular Fit Utility overshirt,"Overshirt in a stretch weave with a collar, French front, flap front pockets and a yoke at the back. Gently dropped shoulders and long sleeves with buttoned cuffs. Regular fit for comfortable wear and a classic silhouette.","['XS', 'S', 'M', 'L', 'XL', 'XXL']",Dark brown, 8,5.0
https://www2.hm.com/en_in/productpage.1229117004.html,https://image.hm.com/assets/hm/6b/c8/6bc8738f29ab4067023e5f4858e2cbc0cd413d12.jpg, 1499.00,Regular Fit Short-sleeved jersey shirt,"Short-sleeved shirt in textured jersey with a turn-down collar, French front, yoke at the back and a straight-cut hem with a slit at each side. Regular fit for comfortable wear and a classic silhouette.","['XS', 'S', 'M', 'L', 'XL', 'XXL']",Brown, 70,4.6
https://www2.hm.com/en_in/productpage.1285018001.html,https://image.hm.com/assets/hm/23/e2/23e26bbad8503d6cb151c88931f551c8ae96ceb7.jpg, 2299.00,Regular Fit Poplin shirt,"Shirt in cotton poplin with a turn-down collar, classic front and a yoke  with a box pleat at the back. Long sleeves with adjustable buttoning at the cuffs and a sleeve placket with a link button. Rounded hem. Regular fit for comfortable wear and a classic silhouette.","['XS', 'S', 'M', 'L', 'XL', 'XXL']",Light blue/Striped,,
https://www2.hm.com/en_in/productpage.1027390004.html,https://image.hm.com/assets/hm/28/4d/284de728f09157763e25409e3d404190148257c2.jpg, 2699.00,Relaxed Fit Felted overshirt,"Overshirt in felted fabric with a collar, buttons down the front and a yoke at the back. Relaxed fit with flap chest pocket with a button, long sleeves with a slit and button at the cuffs, and a rounded hem.","['XS', 'S', 'M', 'L', 'XL', 'XXL']",Light grey, 65,4.5
https://www2.hm.com/en_in/productpage.1256945008.html,https://image.hm.com/assets/hm/8a/48/8a48bcdc11a8dfdfde346d00dbe6265e90ffdcda.jpg, 2299.00,Regular Fit Linen-blend shirt,"Shirt in an airy cotton and linen weave with a turn-down collar, classic front, a yoke at the back and an open chest pocket. Long sleeves with adjustable buttoning at the cuffs and a sleeve placket with a link button. Rounded hem. Regular fit for comfortable wear and a classic silhouette. Cotton and linen blends combine the softness of cotton with the sturdiness of linen, creating a beautiful, textured fabric that is breathable and drapes perfectly.","['XS', 'S', 'M', 'L', 'XL', 'XXL']",Greige/Striped, 13,4.7
https://www2.hm.com/en_in/productpage.1251263003.html,https://image.hm.com/assets/hm/fe/6d/fe6d9ffb9b77de605f991308c20e39973c54e79e.jpg, 1999.00,Regular Fit Textured shirt,"Shirt in a textured weave with a button-down collar, classic front, yoke at the back and an open chest pocket. Long sleeves with adjustable buttoning at the cuffs and a sleeve placket with a link button. Gently rounded hem. Regular fit for comfortable wear and a classic silhouette.","['XS', 'S', 'M', 'L', 'XL', 'XXL']",Khaki green, 41,4.4
https://www2.hm.com/en_in/productpage.1231406006.html,https://image.hm.com/assets/hm/5b/44/5b44765bf75cb5b4cb5bb7d9a11c408c60bfd65f.jpg, 1499.00,Regular Fit Twill shirt,"Shirt in soft twill with a turn-down collar, French front and a yoke at the back. Long sleeves with buttoned cuffs and a sleeve placket with a link button. Rounded hem. Regular fit for comfortable wear and a classic silhouette.","['XS', 'S', 'M', 'L', 'XL', 'XXL']",Beige, 133,4.7
https://www2.hm.com/en_in/productpage.1227956004.html,https://image.hm.com/assets/hm/4f/09/4f09334e7dd73894635924d1129d4b03ae2e2176.jpg, 1999.00,Regular Fit Corduroy shirt,"Shirt in soft cotton corduroy with a turn-down collar. Classic front, an open chest pocket and a yoke at the back. Long sleeves with adjustable buttoning at the cuffs and a sleeve placket with a link button. Rounded hem. Regular fit for comfortable wear and a classic silhouette.","['XS', 'S', 'M', 'L', 'XL', 'XXL']",Light beige, 667,4.6
https://www2.hm.com/en_in/productpage.1231406005.html,https://image.hm.com/assets/hm/04/9e/049e97d8116975d9e813e63161544782067a7f10.jpg, 1499.00,Regular Fit Twill shirt,"Shirt in soft twill with a turn-down collar, French front and a yoke at the back. Long sleeves with buttoned cuffs and a sleeve placket with a link button. Rounded hem. Regular fit for comfortable wear and a classic silhouette.","['XS', 'S', 'M', 'L', 'XL', 'XXL']",White, 133,4.7
https://www2.hm.com/en_in/productpage.1231406003.html,https://image.hm.com/assets/hm/be/cf/becf03cad31ddc479b30970ee6d27197cabe2f78.jpg, 1499.00,Regular Fit Twill shirt,"Shirt in soft twill with a turn-down collar, French front and a yoke at the back. Long sleeves with buttoned cuffs and a sleeve placket with a link button. Rounded hem. Regular fit for comfortable wear and a classic silhouette.","['XS', 'S', 'M', 'L', 'XL', 'XXL']",Navy blue, 133,4.7
https://www2.hm.com/en_in/productpage.1227956002.html,https://image.hm.com/assets/hm/c6/8f/c68f7fc967aa3a5c9f039f8010722545b4af9803.jpg, 1999.00,Regular Fit Corduroy shirt,"Shirt in soft cotton corduroy with a turn-down collar. Classic front, an open chest pocket and a yoke at the back. Long sleeves with adjustable buttoning at the cuffs and a sleeve placket with a link button. Rounded hem. Regular fit for comfortable wear and a classic silhouette.","['XS', 'S', 'M', 'L', 'XL', 'XXL']",Navy blue, 667,4.6
https://www2.hm.com/en_in/productpage.1257590004.html,https://image.hm.com/assets/hm/be/c5/bec56fdd33aadb49d4e4599ac1c219df16498928.jpg, 1999.00,Slim Fit Stretch shirt,"Shirt in a stretch weave made from a cotton blend with a cut-away collar, French front and a yoke at the back. Long sleeves with adjustable buttoning at the cuffs and a sleeve placket with a link button. Gently rounded hem. Slim fit that hugs the contours of your body, creating a fitted silhouette.","['XS', 'S', 'M', 'L', 'XL', 'XXL']",Light blue, 3,4.7
https://www2.hm.com/en_in/productpage.1227148009.html,https://image.hm.com/assets/hm/a4/c0/a4c0a3b7ff2afbc8b298c099e9285462e1324e43.jpg, 2299.00,Regular Fit Felted overshirt,"Overshirt in a felted weave with a collar, buttons down the front, yoke at the back, flap chest pockets, long sleeves and buttoned cuffs. Rounded hem. Regular fit for comfortable wear and a classic silhouette.","['XS', 'S', 'M', 'L', 'XL', 'XXL']",Dark beige, 179,4.5
https://www2.hm.com/en_in/productpage.1276825004.html,https://image.hm.com/assets/hm/7e/e6/7ee6e06cdc348e53ee0f56743ed6b02c13c04724.jpg, 1499.00,Regular Fit Cotton resort shirt,"Short-sleeved shirt in an airy cotton weave with a resort collar, French front, yoke at the back and a straight-cut hem. Regular fit for comfortable wear and a classic silhouette.","['XS', 'S', 'M', 'L', 'XL', 'XXL']",Beige/Patterned, 8,4.3
https://www2.hm.com/en_in/productpage.1231416001.html,https://image.hm.com/assets/hm/b2/3c/b23cf2bee98e872470619ffbbbefca77771ab99a.jpg, 1499.00,Loose Fit Flannel shirt,"Shirt in soft flannel made from a cotton blend with a turn-down collar, classic front, yoke at the back and an open chest pocket. Long sleeves with buttoned cuffs and a sleeve placket with a link button, and a gently rounded hem. Loose fit for a generous but not oversized silhouette.","['XS', 'S', 'M', 'L', 'XL', 'XXL']",Dark blue/Checked, 176,4.5
https://www2.hm.com/en_in/productpage.1256946004.html,https://image.hm.com/assets/hm/a5/fa/a5fa3ad44f9cc37687dc4a3092633317687e5149.jpg, 1999.00,Regular Fit Short-sleeved linen-blend shirt,"Short-sleeved shirt in an airy cotton and linen blend with a resort collar, French front and a yoke at the back. Open chest pocket and a straight-cut hem with a slit on each side. Regular fit for comfortable wear and a classic silhouette. Cotton and linen blends combine the softness of cotton with the sturdiness of linen, creating a beautiful, textured fabric that is breathable and drapes perfectly.","['XS', 'S', 'M', 'L', 'XL', 'XXL']",Sage green, 7,4.3
https://www2.hm.com/en_in/productpage.1231406002.html,https://image.hm.com/assets/hm/ab/43/ab43dd593aab2d8a6ca4cb19093ff2bfde419585.jpg, 1499.00,Regular Fit Twill shirt,"Shirt in soft twill with a turn-down collar, French front and a yoke at the back. Long sleeves with buttoned cuffs and a sleeve placket with a link button. Rounded hem. Regular fit for comfortable wear and a classic silhouette.","['XS', 'S', 'M', 'L', 'XL', 'XXL']",Black, 133,4.7
https://www2.hm.com/en_in/productpage.1251282001.html,https://image.hm.com/assets/hm/9e/e1/9ee118acaf563e526ed6cae1053309d03152d355.jpg, 3999.00,Regular Fit Felted overshirt,"Overshirt in a soft, felted weave featuring a turn-down collar, classic front with press-studs, yoke at the back and open chest pockets. Long sleeves with press-studs at the cuffs and a slit. Regular fit for comfortable wear and a classic silhouette.","['XS', 'S', 'M', 'L', 'XL', 'XXL']",Black, 1,5.0
https://www2.hm.com/en_in/productpage.1257391002.html,https://image.hm.com/assets/hm/0a/eb/0aeb013f3ea55e069b926b45e637d31968b8dc29.jpg, 2299.00,Regular Fit Knitted resort shirt,"Short-sleeved shirt in a textured knit with a resort collar, buttons down the front and a straight hem with a slit on each side. Regular fit for comfortable wear and a classic silhouette.","['XS', 'S', 'M', 'L', 'XL', 'XXL']",Black, 5,5.0
https://www2.hm.com/en_in/productpage.1231420002.html,https://image.hm.com/assets/hm/09/35/09352c490a2eff6ad95d9e2194fdc23062e06118.jpg, 2999.00,Regular Fit Wool-blend overshirt,"Overshirt in brushed twill made from a wool blend. Collar, buttons down the front, yoke at the back and flap chest pockets with a button. Long sleeves with a slit and button at the cuffs. Regular fit for comfortable wear and a classic silhouette.","['XS', 'S', 'M', 'L', 'XL', 'XXL']",Black, 3,3.7
https://www2.hm.com/en_in/productpage.1281436001.html,https://image.hm.com/assets/hm/bd/35/bd3598007cb7d42cf5fb13cfad985eaf2f082675.jpg, 2999.00,Loose Fit Shirt,"Shirt in a soft weave made from a cotton and nylon blend featuring a turn-down collar, French front and a yoke at the back with a box pleat. Long sleeves with adjustable buttoning at the cuffs and a sleeve placket with a link button, and a gently rounded hem. Loose fit for a generous but not oversized silhouette.","['S', 'M', 'L']",Dark brown,,
https://www2.hm.com/en_in/productpage.1251258003.html,https://image.hm.com/assets/hm/db/a5/dba5f3c612093dcdc3e510ac7556dd73b7c43e36.jpg, 2999.00,Regular Fit Waffled overshirt,"Overshirt in waffled jersey with a collar, buttons down the front and open chest pockets. Long sleeves with a sleeve placket and buttoned cuffs. Regular fit for comfortable wear and a classic silhouette. Unlined.","['XS', 'S', 'M', 'L', 'XL', 'XXL']",Brown, 23,4.7
https://www2.hm.com/en_in/productpage.1282245002.html,https://image.hm.com/assets/hm/c4/0f/c40f3d174cba830b20bf1856c77b7b4b5d9eb710.jpg, 1999.00,Regular Fit Long-sleeved resort shirt,"Shirt in an airy, textured weave with a resort collar, French front, yoke at the back and long sleeves with buttoned cuffs and a sleeve placket. Straight-cut hem. Regular fit for comfortable wear and a classic silhouette.","['XS', 'S', 'M', 'L', 'XL', 'XXL']",White,,
https://www2.hm.com/en_in/productpage.1227909002.html,https://image.hm.com/assets/hm/bd/3a/bd3a656e4bb81e52869ddc1b45b9cc8be3b161eb.jpg, 2999.00,Regular Fit Zip-through overshirt,"Overshirt in a soft weave made from a viscose blend with a collar, zip down the front, flap chest pockets with concealed press-studs and long sleeves with buttoned cuffs. Yoke at the back and a straight-cut hem. Regular fit for comfortable wear and a classic silhouette.","['XS', 'S', 'M', 'L', 'XL', 'XXL']",Dark grey, 187,4.7
https://www2.hm.com/en_in/productpage.1231426002.html,https://image.hm.com/assets/hm/22/7e/227e9a21059e651aee5a83cb5a74bcbc11d17dcb.jpg, 2999.00,Regular Fit Wool-blend overshirt,"Overshirt in felted fabric made from a wool blend with a collar, button placket, yoke with a box pleat at the back, long sleeves and buttoned cuffs. Regular fit for comfortable wear and a classic silhouette.","['XS', 'S', 'M', 'L', 'XL', 'XXL']",Dark khaki green, 5,4.8
https://www2.hm.com/en_in/productpage.1234958005.html,https://image.hm.com/assets/hm/e5/d3/e5d3716bf229a53adda0366d8cd026f85f672453.jpg, 1999.00,Regular Fit Flannel shirt,"Shirt in soft cotton flannel with a turn-down collar, classic front and yoke at the back. Long sleeves with adjustable buttoning at the cuffs, and a rounded hem. Regular fit for comfortable wear and a classic silhouette.","['XS', 'S', 'M', 'L', 'XL', 'XXL']",Dark grey, 52,4.6
https://www2.hm.com/en_in/productpage.1231406001.html,https://image.hm.com/assets/hm/64/a5/64a504d2918ed9475ed20a9d3797c19cfce63132.jpg, 1499.00,Regular Fit Twill shirt,"Shirt in soft twill with a turn-down collar, French front and a yoke at the back. Long sleeves with buttoned cuffs and a sleeve placket with a link button. Rounded hem. Regular fit for comfortable wear and a classic silhouette.","['XS', 'S', 'M', 'L', 'XL', 'XXL']",Dark grey, 133,4.7
https://www2.hm.com/en_in/productpage.1265141002.html,https://image.hm.com/assets/hm/57/70/5770b7bcc482dd2e9107654a8009729a1fd3ae8a.jpg, 2699.00,Loose Fit Denim shirt,"Shirt in rigid cotton denim with a turn-down collar, classic front, patch chest pocket and a yoke at the back. Long sleeves with buttoned cuffs and a sleeve placket. Gently rounded hem. Loose fit for a generous but not oversized silhouette.","['XS', 'S', 'M', 'L', 'XL', 'XXL']",White, 3,4.7
https://www2.hm.com/en_in/productpage.1268748002.html,https://image.hm.com/assets/hm/fc/08/fc083387f257b73a46718074dad764427e96e10f.jpg, 1999.00,Regular Fit Lyocell-blend shirt,"Shirt in a soft weave made from a lyocell and cotton blend featuring a turn-down collar, classic front, yoke at the back with a box pleat and an open chest pocket. Long sleeves with a slit and adjustable buttoning at the cuffs. Rounded hem. Regular fit for comfortable wear and a classic silhouette.","['XS', 'S', 'M', 'L', 'XL', 'XXL']",White,,
https://www2.hm.com/en_in/productpage.1284910001.html,https://image.hm.com/assets/hm/ab/ab/abab6da132659b615301d26f15c427d1bf7215a9.jpg, 2299.00,Regular Fit Textured shirt,"Shirt in a textured weave with a turn-down collar, French front, open chest pocket and a straight-cut hem. Long sleeves with a slit and a button at the cuffs. Regular fit for comfortable wear and a classic silhouette.","['S', 'M', 'L']",Navy blue/Striped,,
https://www2.hm.com/en_in/productpage.1258123001.html,https://image.hm.com/assets/hm/ea/e6/eae6d7e64429329470c8fdcd1aa7da47e654817d.jpg, 2999.00,Slim Fit Linen shirt,"Shirt in airy linen with a cutaway collar, French front and a yoke at the back. Long sleeves with buttoned cuffs and a sleeve placket with a link button. Rounded hem. Slim fit that hugs the contours of your body, creating a fitted silhouette. Fabric made from linen is breathable, beautiful both ironed and wrinkled, and softens over time.","['XS', 'S', 'M', 'L', 'XL', 'XXL']",White, 1,5.0
https://www2.hm.com/en_in/productpage.1263274002.html,https://image.hm.com/assets/hm/e5/34/e534724026127461c9805141aa2856399bcb42da.jpg, 1499.00,Regular Fit Textured-weave resort shirt,"Short-sleeved shirt in a textured weave made from a viscose blend with a resort collar, French front and a straight-cut hem with a slit at each side. Regular fit for comfortable wear and a classic silhouette.","['XS', 'S', 'M', 'L', 'XL', 'XXL']",Black, 10,4.7
https://www2.hm.com/en_in/productpage.1284201002.html,https://image.hm.com/assets/hm/ae/3d/ae3d78cec0096f3e9514ee4c2fe5b148c09a71b2.jpg, 2799.00,Regular Fit Fine-knit shirt,"Short-sleeved shirt in a fine knit with a collar, buttons down the front and a straight hem. Regular fit for comfortable wear and a classic silhouette.","['XS', 'S', 'M', 'L', 'XL', 'XXL']",Burgundy,,
https://www2.hm.com/en_in/productpage.1227148007.html,https://image.hm.com/assets/hm/98/88/988828de0a08e06847e2e9f2dd9d45f4745fee48.jpg, 2299.00,Regular Fit Felted overshirt,"Overshirt in a felted weave with a collar, buttons down the front, yoke at the back, flap chest pockets, long sleeves and buttoned cuffs. Rounded hem. Regular fit for comfortable wear and a classic silhouette.","['XS', 'S', 'M', 'L', 'XL', 'XXL']",Grey/Pinstriped, 179,4.5
https://www2.hm.com/en_in/productpage.1227956011.html,https://image.hm.com/assets/hm/78/ba/78bab9d121d958643ae1f6a236e8f336abcae574.jpg, 1999.00,Regular Fit Corduroy shirt,"Shirt in soft cotton corduroy with a turn-down collar. Classic front, an open chest pocket and a yoke at the back. Long sleeves with adjustable buttoning at the cuffs and a sleeve placket with a link button. Rounded hem. Regular fit for comfortable wear and a classic silhouette.","['XS', 'S', 'M', 'L', 'XL', 'XXL']",Yellow, 667,4.6
https://www2.hm.com/en_in/productpage.1307835002.html,https://image.hm.com/assets/hm/9b/d8/9bd83b9965018b4dd0e6245498a15a2e930e07c8.jpg, 2999.00,2-pack Slim Fit easy-iron shirt,"Shirts in woven fabric with an easy-iron finish. Designed with a turn-down collar, a French front and a back yoke. Long sleeves with adjustable buttoned cuffs and a sleeve placket with a link button. Finished with a gently rounded hem. Slim fit that hugs the contours of your body, creating a fitted silhouette.","['XS', 'S', 'M', 'L', 'XL', 'XXL']",Light blue,,
https://www2.hm.com/en_in/productpage.1251285001.html,https://image.hm.com/assets/hm/68/65/6865d5b1f90bc3156b4be472ab3395ec90d8ae90.jpg, 2999.00,Regular Fit Brushed overshirt,"Overshirt in brushed twill with a collar, buttons down the front, vertical, visible seam down the back and a straight-cut hem. Regular fit for comfortable wear and a classic silhouette. Unlined.","['XS', 'S', 'M', 'L', 'XL', 'XXL']",Dark grey, 15,3.5
https://www2.hm.com/en_in/productpage.1262645001.html,https://image.hm.com/assets/hm/db/da/dbda4a07539f7e15a6cea766150a7cd10a3ba2bd.jpg, 2999.00,Regular Fit Waffled shirt,"Shirt in waffled jersey with a turn-down collar, French front, yoke at the back and an open chest pocket. Long sleeves with buttoned cuffs and a sleeve placket, and a straight-cut hem. Regular fit for comfortable wear and a classic silhouette.","['XS', 'S', 'M', 'L', 'XL', 'XXL']",Cream,,
https://www2.hm.com/en_in/productpage.1231426001.html,https://image.hm.com/assets/hm/b6/7a/b67aab8615ac1b9fd690a42dcadf75344ec1b91d.jpg, 2999.00,Regular Fit Wool-blend overshirt,"Overshirt in felted fabric made from a wool blend with a collar, button placket, yoke with a box pleat at the back, long sleeves and buttoned cuffs. Regular fit for comfortable wear and a classic silhouette.","['XS', 'S', 'M', 'L', 'XL', 'XXL']",Navy blue, 5,4.8
https://www2.hm.com/en_in/productpage.1265550002.html,https://image.hm.com/assets/hm/2b/9c/2b9c68658e685690975eaae1982f729ed2757554.jpg, 2699.00,Loose Fit Satin shirt,"Shirt in softly draping satin with a turn-down collar, French front, yoke at the back and an open chest pocket. Long sleeves with a slit and button at the cuffs. Straight-cut hem. Loose fit for a generous but not oversized silhouette.","['XS', 'S', 'M', 'L', 'XL', 'XXL']",Dark beige,,
https://www2.hm.com/en_in/productpage.1229117005.html,https://image.hm.com/assets/hm/04/12/04127af6c20a1d9dd686a6135cdf0b6838ee2985.jpg, 1499.00,Regular Fit Short-sleeved jersey shirt,"Short-sleeved shirt in textured jersey with a turn-down collar, French front, yoke at the back and a straight-cut hem with a slit at each side. Regular fit for comfortable wear and a classic silhouette.","['XS', 'S', 'M', 'L', 'XL', 'XXL']",Cream, 70,4.6
https://www2.hm.com/en_in/productpage.1261404002.html,https://image.hm.com/assets/hm/2e/3e/2e3ef30d6113fa407bc9588799753557c8db20d5.jpg, 1999.00,Regular Fit Textured resort shirt,"Short-sleeved shirt in a textured weave featuring a resort collar, French front, chest pocket and a straight-cut hem with a slit at each side. Regular fit for comfortable wear and a classic silhouette.","['XS', 'S', 'M', 'L', 'XL', 'XXL']",Dusty green,,
https://www2.hm.com/en_in/productpage.1264826001.html,https://image.hm.com/assets/hm/b0/4d/b04d83b1ff6c73686e476c831bb7420099848af2.jpg, 2299.00,Regular Fit Tweed shirt,"Short-sleeved shirt in tweed with a turn-down collar, classic front, yoke at the back and open chest pockets. Straight hem. Regular fit for comfortable wear and a classic silhouette.","['XS', 'S', 'M', 'L', 'XL', 'XXL']",Light beige marl, 3,3.7
https://www2.hm.com/en_in/productpage.1265306004.html,https://image.hm.com/assets/hm/26/df/26dfc005349f54d07f2c6d69d4a587b0e2097f3e.jpg, 1999.00,Loose Fit Seersucker resort shirt,"Boxy-style, short-sleeved shirt in cotton seersucker featuring a resort collar, French front, chest pocket and a straight-cut hem. Loose fit for a generous but not oversized silhouette.","['XS', 'S', 'M', 'L', 'XL', 'XXL']",Light blue/Striped, 6,5.0
https://www2.hm.com/en_in/productpage.1284569001.html,https://image.hm.com/assets/hm/f1/46/f1464ce01324065298e46f79f38e57ddbf131c47.jpg, 1999.00,Regular Fit Muslin shirt,"Shirt in airy cotton muslin with a turn-down collar, French front, a yoke at the back and an open chest pocket. Long sleeves with buttoned cuffs and a sleeve placket. Straight-cut hem. Regular fit for comfortable wear and a classic silhouette.","['XS', 'S', 'M', 'L', 'XL', 'XXL']",White, 9,4.9
https://www2.hm.com/en_in/productpage.1265304002.html,https://image.hm.com/assets/hm/b0/9a/b09a1f2388cd0004dd05fb554610183a01d86f75.jpg, 2999.00,Oversized Fit Denim shirt,"Shirt in rigid cotton denim with a turn-down collar, classic front with metal buttons, a yoke at the back and flap chest pockets with concealed press-studs. Long sleeves with buttoned cuffs and a sleeve placket. Rounded hem. Oversized fit for a baggy, extra-loose silhouette.","['XS', 'S', 'M', 'L', 'XL', 'XXL']",Dark denim grey,,
https://www2.hm.com/en_in/productpage.1258123004.html,https://image.hm.com/assets/hm/74/43/74438d6624d9c4657c63f2a9da15c6b268118264.jpg, 2999.00,Slim Fit Linen shirt,"Shirt in airy linen with a cutaway collar, French front and a yoke at the back. Long sleeves with buttoned cuffs and a sleeve placket with a link button. Rounded hem. Slim fit that hugs the contours of your body, creating a fitted silhouette. Fabric made from linen is breathable, beautiful both ironed and wrinkled, and softens over time.","['XS', 'S', 'M', 'L', 'XL', 'XXL']",Sage green, 1,5.0
https://www2.hm.com/en_in/productpage.1251261003.html,https://image.hm.com/assets/hm/13/cb/13cbdcb8f3bf8615d3a3aaeede416edcd157cdf8.jpg, 2999.00,Regular Fit Corduroy overshirt,"Overshirt in soft cotton corduroy with a collar, zip down the front and a yoke at the back. Open chest pocket, discreet side pockets and long sleeves with a press-stud at the cuffs. Straight-cut hem. Regular fit for comfortable wear and a classic silhouette. Lined.","['XS', 'S', 'M', 'L', 'XL', 'XXL']",Navy blue, 25,4.0
https://www2.hm.com/en_in/productpage.1265608003.html,https://image.hm.com/assets/hm/45/ae/45aea09a7c5474799ff76fbed11f5c4fcdaa214d.jpg, 2299.00,Regular Fit Twill overshirt,"Overshirt in cotton twill featuring a turn-down collar, classic front, yoke at the back, an open chest pocket and a gently rounded hem. Long sleeves with buttoned cuffs and a sleeve placket. Regular fit for comfortable wear and a classic silhouette.","['XS', 'S', 'M', 'L', 'XL', 'XXL']",Dark grey, 1,3.0
https://www2.hm.com/en_in/productpage.1283841001.html,https://image.hm.com/assets/hm/15/87/15874ffbff66983dbd1786db710303c4208046fa.jpg, 2699.00,Regular Fit Linen-blend shirt,"Shirt in seersucker made from a cotton and linen blend with a turn-down collar, classic front, a yoke at the back and an open chest pocket. Long sleeves with cuffs featuring a button and a slit. Straight-cut hem. Regular fit for comfortable wear and a classic silhouette. Cotton and linen blends combine the softness of cotton with the sturdiness of linen, creating a beautiful, textured fabric that is breathable and drapes perfectly.","['XS', 'S', 'M', 'L', 'XL', 'XXL']",Beige/Gingham check,,
https://www2.hm.com/en_in/productpage.1297533001.html,https://image.hm.com/assets/hm/55/cc/55cc96f7b4f849227084cf886d19ef0bee87f64e.jpg, 2999.00,Oversized Fit Denim shirt,"Shirt in rigid cotton denim with a turn-down collar, classic front with metal buttons, a yoke at the back, dropped shoulders and a rounded hem. Long sleeves with buttoned cuffs and a sleeve placket. Oversized fit for a baggy, extra-loose silhouette.","['XS', 'S', 'M', 'L', 'XL', 'XXL']",Vintage grey,,
https://www2.hm.com/en_in/productpage.1275900001.html,https://image.hm.com/assets/hm/56/ed/56ed78e695746a16a77de724632e5a7074bb5747.jpg, 2299.00,Loose Fit Mesh resort shirt,"Short-sleeved shirt in printed mesh featuring a resort collar, French front and a straight-cut hem with a slit at each side. Loose fit for a generous but not oversized silhouette.","['XS', 'S', 'M', 'L', 'XL', 'XXL']",Grey/Palm trees,,
https://www2.hm.com/en_in/productpage.1256945002.html,https://image.hm.com/assets/hm/a0/76/a076f72964e2506b6769d932c28791af1539e850.jpg, 2299.00,Regular Fit Linen-blend shirt,"Shirt in an airy cotton and linen weave with a turn-down collar, classic front, a yoke at the back and an open chest pocket. Long sleeves with adjustable buttoning at the cuffs and a sleeve placket with a link button. Rounded hem. Regular fit for comfortable wear and a classic silhouette. Cotton and linen blends combine the softness of cotton with the sturdiness of linen, creating a beautiful, textured fabric that is breathable and drapes perfectly.","['XS', 'S', 'M', 'L', 'XL', 'XXL']",White, 13,4.7
https://www2.hm.com/en_in/productpage.1281718001.html,https://image.hm.com/assets/hm/74/74/74741a67b71ebd0843a782381363befff57543ad.jpg, 1999.00,Regular Fit Long-sleeved resort shirt,"Shirt in cotton-blend poplin featuring a resort collar, French front, yoke at the back and a straight-cut hem. Long sleeves with a sleeve placket and buttoned cuffs.","['S', 'M', 'L']",White, 1,5.0
https://www2.hm.com/en_in/productpage.1265606001.html,https://image.hm.com/assets/hm/57/d2/57d26105b3955df6773af5c6f083b71982c0674b.jpg, 2699.00,Regular Fit Twill overshirt,"Overshirt in cotton twill featuring a turn-down collar, two-way zip down the front, yoke at the back, flap chest pockets with concealed press-studs, and a straight-cut hem with a slit at each side. Long sleeves with a sleeve placket and a press-stud at the cuffs. Regular fit for comfortable wear and a classic silhouette.","['XS', 'S', 'M', 'L', 'XL', 'XXL']",Black,,
https://www2.hm.com/en_in/productpage.1262043002.html,https://image.hm.com/assets/hm/0f/ea/0fea5fb8d095ddc0c983a6f3f9ba5ac34b98ea0b.jpg, 2999.00,Regular Fit Textured-weave overshirt,"Boxy-style overshirt in a textured weave with a turn-down collar, French front, yoke at the back, flap chest pockets and long sleeves with a button and slit at the cuffs. Straight-cut hem. Regular fit for comfortable wear and a classic silhouette.","['XS', 'S', 'M', 'L', 'XL', 'XXL']",White,,
https://www2.hm.com/en_in/productpage.1283909001.html,https://image.hm.com/assets/hm/9c/b2/9cb25158f25001ffc74e2017e8d9c6ece622fc65.jpg, 2999.00,Oversized Fit Patterned denim shirt,"Cropped, boxy-style shirt in rigid cotton denim with a jacquard-woven pattern featuring a resort collar, French front with press-studs, yoke at the back and a chest pocket. Dropped shoulders, short sleeves and a straight-cut hem with a slit at each side. Oversized fit for a baggy, extra-loose silhouette.","['XS', 'S', 'M', 'L', 'XL', 'XXL']",Dark blue/Patterned,,
https://www2.hm.com/en_in/productpage.1262043001.html,https://image.hm.com/assets/hm/ab/65/ab65f3939ca76e2454b7d3447ce0a8e2714a5b27.jpg, 2999.00,Regular Fit Textured-weave overshirt,"Boxy-style overshirt in a textured weave with a turn-down collar, French front, yoke at the back, flap chest pockets and long sleeves with a button and slit at the cuffs. Straight-cut hem. Regular fit for comfortable wear and a classic silhouette.","['XS', 'S', 'M', 'L', 'XL', 'XXL']",Black,,
https://www2.hm.com/en_in/productpage.1267262002.html,https://image.hm.com/assets/hm/55/f5/55f542afc24791d1ae27c9bcb945cb6b2fa92e9c.jpg, 2699.00,Regular Fit Shirt,"Shirt in a soft weave with a turn-down collar, concealed button placket, yoke at the back and a gently rounded hem. Long sleeves with buttoned cuffs and a sleeve placket. Regular fit for comfortable wear and a classic silhouette.","['XS', 'S', 'M', 'L', 'XL', 'XXL']",Greige, 11,4.9
https://www2.hm.com/en_in/productpage.1262295001.html,https://image.hm.com/assets/hm/d0/32/d0327b05e4d6336289f99c0827e2431d95c22475.jpg, 2699.00,Regular Fit Seersucker shirt,"Shirt in seersucker made from a cotton blend featuring a turn-down collar, classic front, yoke at the back and a patch chest pocket. Long sleeves with buttoned cuffs and a sleeve placket with a link button. Gently rounded hem. Regular fit for comfortable wear and a classic silhouette.","['S', 'M', 'L']",Cream,,
https://www2.hm.com/en_in/productpage.1261703002.html,https://image.hm.com/assets/hm/16/da/16da4af968a1418fa83a820ec4ac35f130454fbf.jpg, 2999.00,Loose Fit Brushed overshirt,"Overshirt in brushed cotton twill with a turn-down collar, classic front, yoke at the back, chest pocket and a straight-cut hem with a slit at each side. Long sleeves with a slit and button at the cuffs. Loose fit for a generous but not oversized silhouette.","['XS', 'S', 'M', 'L', 'XL', 'XXL']",Cream,,
https://www2.hm.com/en_in/productpage.1263275004.html,https://image.hm.com/assets/hm/0e/0f/0e0f152da79dfb286c81503fda021d65afb3023b.jpg, 1999.00,Regular Fit Crinkled short-sleeved shirt,"Short-sleeved shirt in a crinkled cotton weave featuring a turn-down collar, French front, yoke at the back and a straight-cut hem with a slit at each side. Regular fit for comfortable wear and a classic silhouette.","['XS', 'S', 'M', 'L', 'XL', 'XXL']",Light blue,,
https://www2.hm.com/en_in/productpage.1273996003.html,https://image.hm.com/assets/hm/7d/1e/7d1e078ddcc1d3b0e173c44f99a051a8badc6b11.jpg, 2299.00,Loose Fit Ribbed resort shirt,"Short-sleeved shirt in ribbed jersey with a resort collar, French front, yoke at the back and a straight-cut hem with a slit at each side. Loose fit for a generous but not oversized silhouette.","['XS', 'S', 'M', 'L', 'XL', 'XXL']",Beige,,
https://www2.hm.com/en_in/productpage.1277585002.html,https://image.hm.com/assets/hm/7f/50/7f50c8434e3a176e552ea97c36e055bbc38c42f3.jpg, 1999.00,Loose Fit Crinkled resort shirt,"Shirt in a crinkled weave made from a viscose blend with a resort collar, French front and short sleeves. Yoke at the back and a straight-cut hem with a slit at each side. Loose fit for a generous but not oversized silhouette.","['XS', 'S', 'M', 'L', 'XL', 'XXL']",Dark green,,
https://www2.hm.com/en_in/productpage.1231425002.html,https://image.hm.com/assets/hm/e5/fd/e5fd3ac24629688ddd1d451a62c3a38d9757ef83.jpg, 2299.00,Regular Fit Twill overshirt,"Overshirt in cotton twill with a collar, buttons down the front and a yoke at the back. Long sleeves with buttoned cuffs and a patch chest pocket. Regular fit for comfortable wear and a classic silhouette. Unlined.","['XS', 'S', 'M', 'L', 'XL', 'XXL']",Navy blue, 59,4.5
https://www2.hm.com/en_in/productpage.1261404003.html,https://image.hm.com/assets/hm/d0/02/d002b0aba3aa0b41e357356fc0149513c7ed73ad.jpg, 1999.00,Regular Fit Textured resort shirt,"Short-sleeved shirt in a textured weave featuring a resort collar, French front, chest pocket and a straight-cut hem with a slit at each side. Regular fit for comfortable wear and a classic silhouette.","['XS', 'S', 'M', 'L', 'XL', 'XXL']",Light blue,,
https://www2.hm.com/en_in/productpage.1288847001.html,https://image.hm.com/assets/hm/29/df/29df18ca59a1349694664048af89cffc5cd8c388.jpg, 2699.00,Regular Fit Poplin shirt,"Shirt in cotton poplin with a turn-down collar, classic front and a yoke at the back. Long sleeves with a button at the cuffs and a slightly rounded hem. Regular fit for comfortable wear and a classic silhouette.","['S', 'M', 'L']",White, 2,3.5
https://www2.hm.com/en_in/productpage.1276098003.html,https://image.hm.com/assets/hm/4f/63/4f634905eb23354582133d0d9abe8ec7858b0e70.jpg, 2299.00,Loose Fit Waffled resort shirt,"Short-sleeved shirt in soft, waffled jersey with a resort collar, French front, yoke at the back, dropped shoulders and a straight-cut hem with a slit in the sides. Loose fit for a generous but not oversized silhouette.","['XS', 'S', 'M', 'L', 'XL', 'XXL']",Navy blue, 2,5.0
https://www2.hm.com/en_in/productpage.1261407003.html,https://image.hm.com/assets/hm/ad/59/ad5945b933287d852189e1b39d465a2ea7772ef1.jpg, 1999.00,Regular Fit Textured resort shirt,"Short-sleeved shirt in a textured weave with a resort collar, French front, yoke at the back and a straight-cut hem. Regular fit for comfortable wear and a classic silhouette.","['XS', 'S', 'M', 'L', 'XL', 'XXL']",Light blue/Striped, 7,4.0
https://www2.hm.com/en_in/productpage.1227148004.html,https://image.hm.com/assets/hm/52/bb/52bbbe404de05a686df1c04dd81ede7db7ad7c26.jpg, 2299.00,Regular Fit Felted overshirt,"Overshirt in a felted weave with a collar, buttons down the front, yoke at the back, flap chest pockets, long sleeves and buttoned cuffs. Rounded hem. Regular fit for comfortable wear and a classic silhouette.","['XS', 'S', 'M', 'L', 'XL', 'XXL']",Light greige, 179,4.5
https://www2.hm.com/en_in/productpage.1273630002.html,https://image.hm.com/assets/hm/67/02/670291a5cbb8a731ed59bc1087938b2513307d82.jpg, 1499.00,Regular Fit Jersey resort shirt,"Short-sleeved shirt in midweight, textured jersey made from a cotton blend with a resort collar, French front and a straight-cut hem. Regular fit for comfortable wear and a classic silhouette.","['XS', 'S', 'M', 'L', 'XL', 'XXL']",Dark beige, 8,5.0
https://www2.hm.com/en_in/productpage.1257564002.html,https://image.hm.com/assets/hm/b2/fd/b2fd4779bfc83ed9bde5fab3bb6ae6b8677553dc.jpg, 1499.00,Regular Fit Short-sleeved Oxford shirt,"Shirt in Oxford cotton with a button-down collar, classic front, yoke at the back, short sleeves and an open chest pocket. Rounded hem. Regular fit for comfortable wear and a classic silhouette.","['XS', 'S', 'M', 'L', 'XL', 'XXL']",Light beige, 3,4.7
https://www2.hm.com/en_in/productpage.1305223001.html,https://image.hm.com/assets/hm/3b/a4/3ba469a689b2c13dd5f2a82ce1dcd3fea76850a6.jpg, 2299.00,Regular Fit Resort shirt,"Short-sleeved shirt in an airy weave with a resort collar, French front and a straight hem. Regular fit for comfortable wear and a classic silhouette.","['S', 'M', 'L']",Dark grey/Checked, 2,5.0
https://www2.hm.com/en_in/productpage.1285051001.html,https://image.hm.com/assets/hm/d8/56/d856eaad3306160c4c72243053ef968bf19ca7c0.jpg, 2999.00,Loose Fit Button-down shirt,"Shirt in twill made from lyocell featuring a button-down collar, classic front, yoke at the back with a box pleat and a chest pocket. Long sleeves with buttoned cuffs and a sleeve placket with a link button. Gently rounded hem. Loose fit for a generous but not oversized silhouette. Fabric made from lyocell is super soft, wrinkle resistant and drapes beautifully.","['XS', 'S', 'M', 'L', 'XL', 'XXL']",Black,,
https://www2.hm.com/en_in/productpage.1258973001.html,https://image.hm.com/assets/hm/7a/f6/7af642e2e954f275b870d43ee813b178d1a58419.jpg, 2299.00,Regular Fit Linen-blend shirt,"Shirt in an airy weave made from a linen and cotton blend with a band collar, French front and a yoke at the back. Long sleeves with adjustable buttoning at the cuffs and a sleeve placket with a link button. Rounded hem. Regular fit for comfortable wear and a classic silhouette. Cotton and linen blends combine the softness of cotton with the sturdiness of linen, creating a beautiful, textured fabric that is breathable and drapes perfectly.","['XS', 'S', 'M', 'L', 'XL', 'XXL']",White,,
https://www2.hm.com/en_in/productpage.1265540004.html,https://image.hm.com/assets/hm/5c/38/5c38c4242d0226abcf823ae35fcedc605fe5ddb8.jpg, 2299.00,Regular Fit Overshirt,"Boxy-style overshirt in a soft weave with a turn-down collar, French front, yoke at the back, open chest pockets and long sleeves with a button and slit at the cuffs. Straight-cut hem. Regular fit for comfortable wear and a classic silhouette.","['XS', 'S', 'M', 'L', 'XL', 'XXL']",Dark beige, 1,1.0
https://www2.hm.com/en_in/productpage.1276099003.html,https://image.hm.com/assets/hm/60/b8/60b80abeab8a8ba7df61d61b143949a60f4a5fa6.jpg, 2299.00,Loose Fit Resort shirt,"Short-sleeved shirt in textured jersey with a resort collar, French front and a straight-cut hem with a slit at each side. Loose fit for a generous but not oversized silhouette.","['XS', 'S', 'M', 'L', 'XL', 'XXL']",White,,
https://www2.hm.com/en_in/productpage.1265145002.html,https://image.hm.com/assets/hm/70/e3/70e344327ad97d0f822fa30fe94e9c7850c3ecee.jpg, 2299.00,Loose Fit Seersucker shirt,"Shirt in cotton seersucker with a turn-down collar, classic front, yoke with a box pleat at the back and a patch chest pocket. Long sleeves with adjustable buttoning at the cuffs and a sleeve placket with a link button. Rounded hem. Loose fit for a generous but not oversized silhouette.","['XS', 'S', 'M', 'L', 'XL', 'XXL']",Navy blue,,
https://www2.hm.com/en_in/productpage.1277324002.html,https://image.hm.com/assets/hm/07/28/0728423eeeb0e920c8adfb6e1e0cfdb3eebf4597.jpg, 2699.00,Loose Fit Short-sleeved utility shirt,"Short-sleeved utility shirt in a soft cotton weave with a turn-down collar, classic front with press-studs, yoke at the back, flap chest pockets and a straight-cut hem. Loose fit for a generous but not oversized silhouette.","['XS', 'S', 'M', 'L', 'XL', 'XXL']",Grey,,
https://www2.hm.com/en_in/productpage.1258123003.html,https://image.hm.com/assets/hm/3b/ee/3beef1929eb40544841819b5e4270e2bf60414b4.jpg, 2999.00,Slim Fit Linen shirt,"Shirt in airy linen with a cutaway collar, French front and a yoke at the back. Long sleeves with buttoned cuffs and a sleeve placket with a link button. Rounded hem. Slim fit that hugs the contours of your body, creating a fitted silhouette. Fabric made from linen is breathable, beautiful both ironed and wrinkled, and softens over time.","['XS', 'S', 'M', 'L', 'XL', 'XXL']",Black, 1,5.0
https://www2.hm.com/en_in/productpage.1284201001.html,https://image.hm.com/assets/hm/f8/cf/f8cf729b2883537aff3143917f50a14a9ef84948.jpg, 2799.00,Regular Fit Fine-knit shirt,"Short-sleeved shirt in a fine knit with a collar, buttons down the front and a straight hem. Regular fit for comfortable wear and a classic silhouette.","['XS', 'S', 'M', 'L', 'XL', 'XXL']",Black,,
https://www2.hm.com/en_in/productpage.1265593001.html,https://image.hm.com/assets/hm/78/40/7840dcdc8737472bd7ece149bdfe2d3337af7eaa.jpg, 2999.00,Regular Fit Canvas overshirt,"Overshirt in sturdy cotton canvas featuring a collar, a yoke at the back and concealed press-studs down the front. Flap chest pockets with concealed press-studs, discreet side pockets, long sleeves and an adjustable press-stud fastening at the cuffs. Lined.","['XS', 'S', 'M', 'L', 'XL', 'XXL']",Pistachio green, 1,4.0
https://www2.hm.com/en_in/productpage.1227148006.html,https://image.hm.com/assets/hm/27/96/2796cb479df4ab34df86ea70947a667aa3fff682.jpg, 2299.00,Regular Fit Felted overshirt,"Overshirt in a felted weave with a collar, buttons down the front, yoke at the back, flap chest pockets, long sleeves and buttoned cuffs. Rounded hem. Regular fit for comfortable wear and a classic silhouette.","['XS', 'S', 'M', 'L', 'XL', 'XXL']",Navy blue, 179,4.5
https://www2.hm.com/en_in/productpage.1285132003.html,https://image.hm.com/assets/hm/ac/31/ac311ef6aaa14a4ada565894eeb0d1128acc7da6.jpg, 2299.00,Loose Fit Rib-knit resort shirt,"Short-sleeved shirt in a soft rib knit with a resort collar, buttons down the front and a straight hem. Loose fit for a generous but not oversized silhouette.","['XS', 'S', 'M', 'L', 'XL', 'XXL']",Pink,,
https://www2.hm.com/en_in/productpage.1301048002.html,https://image.hm.com/assets/hm/4e/0a/4e0a771634ff8483d45dbc671869c580ed98c9dd.jpg, 2999.00,Regular Fit Textured-knit shirt,"Short-sleeved shirt in a textured knit made from a cotton blend with a collar, buttons down the front and a straight hem. Regular fit for comfortable wear and a classic silhouette.","['XS', 'S', 'M', 'L', 'XL', 'XXL']",Navy blue,,
https://www2.hm.com/en_in/productpage.1285051002.html,https://image.hm.com/assets/hm/bd/25/bd25b99cfe7c00e5f52a731537db128f95657bcc.jpg, 2999.00,Loose Fit Button-down shirt,"Shirt in twill made from lyocell featuring a button-down collar, classic front, yoke at the back with a box pleat and a chest pocket. Long sleeves with buttoned cuffs and a sleeve placket with a link button. Gently rounded hem. Loose fit for a generous but not oversized silhouette. Fabric made from lyocell is super soft, wrinkle resistant and drapes beautifully.","['XS', 'S', 'M', 'L', 'XL', 'XXL']",Khaki green,,
https://www2.hm.com/en_in/productpage.1307835001.html,https://image.hm.com/assets/hm/40/b8/40b87557ff0ab0cefdc26e461aa6e56b44e52959.jpg, 2999.00,2-pack Slim Fit easy-iron shirt,"Shirts in woven fabric with an easy-iron finish. Designed with a turn-down collar, a French front and a back yoke. Long sleeves with adjustable buttoned cuffs and a sleeve placket with a link button. Finished with a gently rounded hem. Slim fit that hugs the contours of your body, creating a fitted silhouette.","['XS', 'S', 'M', 'L', 'XL', 'XXL']",White,,
https://www2.hm.com/en_in/productpage.1285132002.html,https://image.hm.com/assets/hm/a6/49/a6497d4d5210c0e1a79ea1ebc3dce5bfdcdda712.jpg, 2299.00,Loose Fit Rib-knit resort shirt,"Short-sleeved shirt in a soft rib knit with a resort collar, buttons down the front and a straight hem. Loose fit for a generous but not oversized silhouette.","['XS', 'S', 'M', 'L', 'XL', 'XXL']",Turquoise,,
https://www2.hm.com/en_in/productpage.1261703001.html,https://image.hm.com/assets/hm/af/9b/af9b138b2c5132c312418d80084be0d45a4a55be.jpg, 2999.00,Loose Fit Brushed overshirt,"Overshirt in brushed cotton twill with a turn-down collar, classic front, yoke at the back, chest pocket and a straight-cut hem with a slit at each side. Long sleeves with a slit and button at the cuffs. Loose fit for a generous but not oversized silhouette.","['XS', 'S', 'M', 'L', 'XL', 'XXL']",Black,,
https://www2.hm.com/en_in/productpage.1273696002.html,https://image.hm.com/assets/hm/89/54/89545c7aee1f83b8e8b9174c0287cdf5068ddb2e.jpg, 2299.00,Loose Fit Textured shirt,"Shirt in textured cotton poplin featuring a turn-down collar, French front and a yoke with a box pleat at the back. Long sleeves with a slit and adjustable buttoning at the cuffs. Gently rounded hem. Loose fit for a generous but not oversized silhouette.","['XS', 'S', 'M', 'L', 'XL', 'XXL']",Cream/Checked, 2,4.5
https://www2.hm.com/en_in/productpage.1256946008.html,https://image.hm.com/assets/hm/d2/7b/d27b46128ccc12dcc912d8fd868f971991041ed4.jpg, 1999.00,Regular Fit Short-sleeved linen-blend shirt,"Short-sleeved shirt in an airy cotton and linen blend with a resort collar, French front and a yoke at the back. Open chest pocket and a straight-cut hem with a slit on each side. Regular fit for comfortable wear and a classic silhouette. Cotton and linen blends combine the softness of cotton with the sturdiness of linen, creating a beautiful, textured fabric that is breathable and drapes perfectly.","['XS', 'S', 'M', 'L', 'XL', 'XXL']",White, 7,4.3
https://www2.hm.com/en_in/productpage.1265290001.html,https://image.hm.com/assets/hm/2a/4c/2a4c34549bd64b49bf9f54ead53e7876bd707a06.jpg, 2299.00,Loose Fit Flannel shirt,"Shirt in soft cotton flannel with a turn-down collar, classic front, yoke at the back and an open chest pocket. Long sleeves with buttoned cuffs and a sleeve placket, and a gently rounded hem. Loose fit for a generous but not oversized silhouette.","['XS', 'S', 'M', 'L', 'XL', 'XXL']",Dark grey, 5,4.2
https://www2.hm.com/en_in/productpage.1307849002.html,https://image.hm.com/assets/hm/12/d9/12d91f04599cc7caf47ab1fccfdbb674a93c1a0a.jpg, 2299.00,COOLMAX速 Slim Fit Shirt,"Shirt in woven fabric with a turn-down collar, French front and a yoke at the back. Long sleeves with adjustable buttoning at the cuffs and a sleeve placket with a link button. Gently rounded hem. Slim fit that hugs the contours of your body, creating a fitted silhouette. The shirt incorporates COOLMAX速 functional fabric, a unique, soft, comfortable and fast-drying polyester fibre that efficiently wicks moisture while regulating temperature.","['XS', 'S', 'M', 'L', 'XL', 'XXL']",Light blue, 1,5.0
https://www2.hm.com/en_in/productpage.1257566001.html,https://image.hm.com/assets/hm/3d/d2/3dd2f2e30adb11bb82cff6b8a47d7b74d9d885d3.jpg, 2299.00,Regular Fit Cotton twill overshirt,"Overshirt in cotton twill with a turn-down collar, classic front, patch chest pocket and a straight-cut hem. Long sleeves with slit and button at the cuffs. Regular fit for comfortable wear and a classic silhouette. Unlined.","['XS', 'S', 'M', 'L', 'XL', 'XXL']",Black, 1,5.0
https://www2.hm.com/en_in/productpage.1307849001.html,https://image.hm.com/assets/hm/67/dd/67dd9b9f812418d5ccb3344e55e7572f9250913d.jpg, 2299.00,COOLMAX速 Slim Fit Shirt,"Shirt in woven fabric with a turn-down collar, French front and a yoke at the back. Long sleeves with adjustable buttoning at the cuffs and a sleeve placket with a link button. Gently rounded hem. Slim fit that hugs the contours of your body, creating a fitted silhouette. The shirt incorporates COOLMAX速 functional fabric, a unique, soft, comfortable and fast-drying polyester fibre that efficiently wicks moisture while regulating temperature.","['XS', 'S', 'M', 'L', 'XL', 'XXL']",White, 1,5.0
https://www2.hm.com/en_in/productpage.1292498001.html,https://image.hm.com/assets/hm/9a/b7/9ab71fd70609714139ba35652e448d2e5fbda028.jpg, 2299.00,Regular Fit Textured resort shirt,"Short-sleeved shirt in a textured weave with a resort collar, French front, open chest pocket and a straight-cut hem. Regular fit for comfortable wear and a classic silhouette.","['XS', 'S', 'M', 'L', 'XL', 'XXL']",Black,,
https://www2.hm.com/en_in/productpage.1275902004.html,https://image.hm.com/assets/hm/74/7f/747f3ddba6bf36ba75261999f8977370650fc1ef.jpg, 2299.00,Loose Fit Mesh resort shirt,"Short-sleeved shirt in airy mesh featuring a resort collar, French front and a straight-cut hem with a slit at each side. Loose fit for a generous but not oversized silhouette.","['XS', 'S', 'M', 'L', 'XL', 'XXL']",Cream,,
https://www2.hm.com/en_in/productpage.1273929001.html,https://image.hm.com/assets/hm/bc/4c/bc4c326a86778293339d3b348f3374473e0a5583.jpg, 2299.00,Regular Fit Resort shirt,"Short-sleeved shirt in a textured knit with a resort collar, French front and a straight hem. Regular fit for comfortable wear and a classic silhouette.","['XS', 'S', 'M', 'L', 'XL', 'XXL']",Black,,
https://www2.hm.com/en_in/productpage.1251748001.html,https://image.hm.com/assets/hm/7a/aa/7aaa6939150af859a3117d91151ce8fd6646c6af.jpg, 2999.00,Regular Fit Satin overshirt,"Overshirt in softly draping satin with a turn-down collar, French front, yoke at the back and flap chest pockets. Long sleeves with buttoned cuffs and a sleeve placket. Straight-cut hem. Regular fit for comfortable wear and a classic silhouette. Unlined.","['XS', 'S', 'M', 'L', 'XL', 'XXL']",White,,
https://www2.hm.com/en_in/productpage.1282143003.html,https://image.hm.com/assets/hm/d4/c6/d4c68f76080b5c63bb98d81c678cfd10ab508c41.jpg, 2299.00,Regular Fit Textured resort shirt,"Short-sleeved shirt in a textured weave made from cotton with a resort collar, French front, chest pocket and a straight-cut hem. Regular fit for comfortable wear and a classic silhouette.","['XS', 'S', 'M', 'L', 'XL', 'XXL']",Navy blue,,
https://www2.hm.com/en_in/productpage.1259797003.html,https://image.hm.com/assets/hm/e2/98/e298ff42dfd84d61417c2137367d2ef94279eb7c.jpg, 3999.00,Regular Fit Coated shirt,"Shirt in coated fabric featuring a turn-down collar, French front, yoke at the back and an open chest pocket. Long sleeves with a slit and button at the cuffs. Gently rounded hem. Regular fit for comfortable wear and a classic silhouette.","['XS', 'S', 'M', 'L', 'XL', 'XXL']",Light beige, 2,5.0
https://www2.hm.com/en_in/productpage.1301048001.html,https://image.hm.com/assets/hm/dc/54/dc545314b7e4a0432cb7b896e9ded857ba6a53db.jpg, 2999.00,Regular Fit Textured-knit shirt,"Short-sleeved shirt in a textured knit made from a cotton blend with a collar, buttons down the front and a straight hem. Regular fit for comfortable wear and a classic silhouette.","['XS', 'S', 'M', 'L', 'XL', 'XXL']",Cream,,
https://www2.hm.com/en_in/productpage.1286240003.html,https://image.hm.com/assets/hm/ad/eb/adeb1689fa90c15567625946f65f607c23f89c4d.jpg, 2299.00,Regular Fit Fine-knit shirt,"Short-sleeved shirt in a fine knit with a turn-down collar, buttons down the front and a straight hem with a slit on each side. Regular fit for comfortable wear and a classic silhouette.","['XS', 'S', 'M', 'L', 'XL', 'XXL']",Light blue,,
https://www2.hm.com/en_in/productpage.1276191003.html,https://image.hm.com/assets/hm/4e/8f/4e8f871562dc52c63d1b8762a65572e48c322e6a.jpg, 2299.00,Loose Fit Resort shirt,"Short-sleeved shirt in a soft knit with a crocheted look featuring a resort collar, French front and a straight hem with a slit at each side. Loose fit for a generous but not oversized silhouette.","['XS', 'S', 'M', 'L', 'XL', 'XXL']",White,,
https://www2.hm.com/en_in/productpage.1277533001.html,https://image.hm.com/assets/hm/43/41/4341b6cc7bf7ae2243f09b1591a0853527e20c96.jpg, 2699.00,Regular Fit Linen-blend grandad shirt,"Shirt in a cotton and linen weave with a band collar, classic front and a yoke at the back. Long sleeves with buttoned cuffs and a sleeve placket with a link button. Rounded hem. Regular fit for comfortable wear and a classic silhouette. Cotton and linen blends combine the softness of cotton with the sturdiness of linen, creating a beautiful, textured fabric that is breathable and drapes perfectly.","['XS', 'S', 'M', 'L', 'XL', 'XXL']",White,,
https://www2.hm.com/en_in/productpage.1251284001.html,https://image.hm.com/assets/hm/a7/5f/a75f275eb4c6fe3bfd02b8272de0b6078734cd5a.jpg, 3999.00,Loose Fit Boucl辿 overshirt,"Overshirt in a soft boucl辿 weave made from a wool blend with a collar, buttons down the front, an open chest pocket and long sleeves with buttoned cuffs. Loose fit for a generous but not oversized silhouette. Unlined.","['XS', 'S', 'M', 'L', 'XL', 'XXL']",White, 1,5.0
https://www2.hm.com/en_in/productpage.1300060001.html,https://image.hm.com/assets/hm/0a/2c/0a2cbe54d0bcdfbb850e61291888f6645fed5c38.jpg, 2299.00,Regular Fit Short-sleeved shirt,"Short-sleeved shirt in a soft weave made from a cotton blend with a turn-down collar, classic front, chest pocket, yoke at the back and a straight-cut hem. Regular fit for comfortable wear and a classic silhouette.","['XS', 'S', 'M', 'L', 'XL', 'XXL']",Black/Striped,,
https://www2.hm.com/en_in/productpage.1282143002.html,https://image.hm.com/assets/hm/cc/37/cc3758ff440261eee3036784ad250e192025ba83.jpg, 2299.00,Regular Fit Textured resort shirt,"Short-sleeved shirt in a textured weave made from cotton with a resort collar, French front, chest pocket and a straight-cut hem. Regular fit for comfortable wear and a classic silhouette.","['XS', 'S', 'M', 'L', 'XL', 'XXL']",Pale yellow,,
https://www2.hm.com/en_in/productpage.1277501001.html,https://image.hm.com/assets/hm/36/c9/36c9ba1e4b4e087f670b1a6bb15efd0a111fccbe.jpg, 2999.00,Regular Fit Embroidered resort shirt,"Short-sleeved shirt in an airy cotton weave with an embroidered all-over pattern. Resort collar, French front and a straight-cut hem. Regular fit for comfortable wear and a classic silhouette.","['XS', 'S', 'M', 'L', 'XL', 'XXL']",White,,
https://www2.hm.com/en_in/productpage.1277506001.html,https://image.hm.com/assets/hm/76/10/7610276dfb9e5509bfd17c3baabd1f4d5048e914.jpg, 2699.00,Regular Fit Jacquard-weave resort shirt,"Short-sleeved shirt in an airy jacquard weave with a resort collar, French front and a straight-cut hem. Regular fit for comfortable wear and a classic silhouette.","['XS', 'S', 'M', 'L', 'XL', 'XXL']",Light turquoise,,
https://www2.hm.com/en_in/productpage.1276940002.html,https://image.hm.com/assets/hm/7f/e7/7fe73bf5a72170295f973b23542b32c44bac95dc.jpg, 2699.00,Regular Fit Jacquard-knit resort shirt,"Short-sleeved shirt in a jacquard knit with a resort collar, buttons down the front and a straight hem. Regular fit for comfortable wear and a classic silhouette.","['XS', 'S', 'M', 'L', 'XL', 'XXL']",White,,
https://www2.hm.com/en_in/productpage.1265552002.html,https://image.hm.com/assets/hm/fc/09/fc095c5d08614b615498adef6a6f2f5a0382e451.jpg, 2999.00,Regular Fit Linen-blend overshirt,"Overshirt in twill made from a cotton and linen blend with a turn-down collar, French front and a yoke at the back. Long sleeves with a slit and button at the cuffs. Patch chest pocket and a straight-cut hem. Regular fit for comfortable wear and a classic silhouette. Cotton and linen blends combine the softness of cotton with the sturdiness of linen, creating a beautiful, textured fabric that is breathable and drapes perfectly.","['XS', 'S', 'M', 'L', 'XL', 'XXL']",Cream,,
https://www2.hm.com/en_in/productpage.1264827001.html,https://image.hm.com/assets/hm/93/8c/938c28a866d5c68e457be035d9d7c90f6a5333c1.jpg, 2299.00,Regular Fit Jacquard-weave resort shirt,"Long-sleeved shirt in a jacquard weave with a resort collar, French front, yoke at the back, buttoned cuffs and a straight-cut hem. Regular fit for comfortable wear and a classic silhouette.","['XS', 'S', 'M', 'L', 'XL', 'XXL']",Black,,
https://www2.hm.com/en_in/productpage.1277324001.html,https://image.hm.com/assets/hm/fe/de/fede7371a81ffeac4b36f54d07be2a70edc5b6df.jpg, 2699.00,Loose Fit Short-sleeved utility shirt,"Short-sleeved utility shirt in a soft cotton weave with a turn-down collar, classic front with press-studs, yoke at the back, flap chest pockets and a straight-cut hem. Loose fit for a generous but not oversized silhouette.","['XS', 'S', 'M', 'L', 'XL', 'XXL']",Green,,
https://www2.hm.com/en_in/productpage.1297533002.html,https://image.hm.com/assets/hm/ad/33/ad335d3d8862ce31f2be2a76db7d1195e167b43b.jpg, 2999.00,Oversized Fit Denim shirt,"Shirt in rigid cotton denim with a turn-down collar, classic front with metal buttons, a yoke at the back, dropped shoulders and a rounded hem. Long sleeves with buttoned cuffs and a sleeve placket. Oversized fit for a baggy, extra-loose silhouette.","['XS', 'S', 'M', 'L', 'XL', 'XXL']",Pale denim blue,,
https://www2.hm.com/en_in/productpage.1276099002.html,https://image.hm.com/assets/hm/6a/43/6a43a369a0604ad4ede9e2b9fbc07f3fe5414452.jpg, 2299.00,Loose Fit Resort shirt,"Short-sleeved shirt in textured jersey with a resort collar, French front and a straight-cut hem with a slit at each side. Loose fit for a generous but not oversized silhouette.","['XS', 'S', 'M', 'L', 'XL', 'XXL']",Black,,
https://www2.hm.com/en_in/productpage.1286240002.html,https://image.hm.com/assets/hm/16/26/1626242b07c790dd7b320cd9cd220d5592c77542.jpg, 2299.00,Regular Fit Fine-knit shirt,"Short-sleeved shirt in a fine knit with a turn-down collar, buttons down the front and a straight hem with a slit on each side. Regular fit for comfortable wear and a classic silhouette.","['XS', 'S', 'M', 'L', 'XL', 'XXL']",Dark brown,,
https://www2.hm.com/en_in/productpage.1289983001.html,https://image.hm.com/assets/hm/73/be/73be7bbc172c3c61f4529938923ecb4967faf2f2.jpg, 2699.00,Regular Fit Textured-knit resort shirt,"Short-sleeved shirt in a textured knit with a resort collar, buttons down the front and a straight hem. Regular fit for comfortable wear and a classic silhouette.","['XS', 'S', 'M', 'L', 'XL', 'XXL']",White,,
https://www2.hm.com/en_in/productpage.1289983003.html,https://image.hm.com/assets/hm/c8/ba/c8baf6dd95d803a45c56a0d1ed71996b4cc9a9b6.jpg, 2699.00,Regular Fit Textured-knit resort shirt,"Short-sleeved shirt in a textured knit with a resort collar, buttons down the front and a straight hem. Regular fit for comfortable wear and a classic silhouette.","['XS', 'S', 'M', 'L', 'XL', 'XXL']",Beige,,
https://www2.hm.com/en_in/productpage.1277506002.html,https://image.hm.com/assets/hm/0a/7e/0a7e8f41f6f6a3e03d14ff31a5edd275892c87e2.jpg, 2699.00,Regular Fit Jacquard-weave resort shirt,"Short-sleeved shirt in an airy jacquard weave with a resort collar, French front and a straight-cut hem. Regular fit for comfortable wear and a classic silhouette.","['XS', 'S', 'M', 'L', 'XL', 'XXL']",Black,,
https://www2.hm.com/en_in/productpage.1290470003.html,https://image.hm.com/assets/hm/7c/ac/7cac53a5261715345a731a18ae7acf9c91eb78d6.jpg, 2299.00,Regular Fit Resort shirt,"Short-sleeved shirt in jersey made from a cotton blend with a resort collar,  French front, buttoned chest pocket, yoke at the back and a straight-cut hem. Regular fit for comfortable wear and a classic silhouette.","['XS', 'S', 'M', 'L', 'XL', 'XXL']",Dark brown,,
https://www2.hm.com/en_in/productpage.1282143001.html,https://image.hm.com/assets/hm/54/3a/543af6e69835b9a3d7973e6830f121e13b40660d.jpg, 2299.00,Regular Fit Textured resort shirt,"Short-sleeved shirt in a textured weave made from cotton with a resort collar, French front, chest pocket and a straight-cut hem. Regular fit for comfortable wear and a classic silhouette.","['XS', 'S', 'M', 'L', 'XL', 'XXL']",Cream,,
https://www2.hm.com/en_in/productpage.1276822002.html,https://image.hm.com/assets/hm/ce/c4/cec4c9c9890c3b644ed81327c74417bdf24c07d8.jpg, 2699.00,Regular Fit Embroidered resort shirt,"Short-sleeved shirt in an airy cotton weave with an embroidered all-over pattern. Resort collar, French front, a yoke at the back, a chest pocket and a straight-cut hem with a slit at each side. Regular fit for comfortable wear and a classic silhouette.","['XS', 'S', 'M', 'L', 'XL', 'XXL']",White/Floral, 2,5.0
https://www2.hm.com/en_in/productpage.1275902001.html,https://image.hm.com/assets/hm/a2/fc/a2fcdc47ac0a2820b5e2d755e1417e160c5ffe0d.jpg, 2299.00,Loose Fit Mesh resort shirt,"Short-sleeved shirt in airy mesh featuring a resort collar, French front and a straight-cut hem with a slit at each side. Loose fit for a generous but not oversized silhouette.","['XS', 'S', 'M', 'L', 'XL', 'XXL']",Black,,
https://www2.hm.com/en_in/productpage.1265118002.html,https://image.hm.com/assets/hm/12/30/123037591dbd1cd5c768874a1dc2082cfc1dcc19.jpg, 2299.00,Regular Fit Crochet-look shirt,"Short-sleeved shirt in a pointelle knit with a crocheted look. Turn-down collar, buttons down the front and a straight hem. Regular fit for comfortable wear and a classic silhouette.","['XS', 'S', 'M', 'L', 'XL', 'XXL']",Black,,
https://www2.hm.com/en_in/productpage.1265540001.html,https://image.hm.com/assets/hm/a5/d6/a5d6bc663a595702a6b0b7180ae54d5db980ecfa.jpg, 2299.00,Regular Fit Overshirt,"Boxy-style overshirt in a soft weave with a turn-down collar, French front, yoke at the back, open chest pockets and long sleeves with a button and slit at the cuffs. Straight-cut hem. Regular fit for comfortable wear and a classic silhouette.","['XS', 'S', 'M', 'L', 'XL', 'XXL']",Grey marl, 1,1.0
https://www2.hm.com/en_in/productpage.1265102003.html,https://image.hm.com/assets/hm/02/1e/021e1632fa530258d329e4a4c9f21f2c9d8e176d.jpg, 2299.00,Regular Fit Resort shirt,"Short-sleeved shirt in a textured knit made from a cotton blend with a resort collar, French front and a straight hem. Regular fit for comfortable wear and a classic silhouette.","['XS', 'S', 'M', 'L', 'XL', 'XXL']",Navy blue,,
https://www2.hm.com/en_in/productpage.1257590001.html,https://image.hm.com/assets/hm/87/c6/87c617bcfe5f622de4468f094c67e0955d5f889b.jpg, 1999.00,Slim Fit Stretch shirt,"Shirt in a stretch weave made from a cotton blend with a cut-away collar, French front and a yoke at the back. Long sleeves with adjustable buttoning at the cuffs and a sleeve placket with a link button. Gently rounded hem. Slim fit that hugs the contours of your body, creating a fitted silhouette.","['XS', 'S', 'M', 'L', 'XL', 'XXL']",White, 3,4.7
https://www2.hm.com/en_in/productpage.1265540002.html,https://image.hm.com/assets/hm/54/b4/54b47d64dce5d74c2207966ef20a856adb050480.jpg, 2299.00,Regular Fit Overshirt,"Boxy-style overshirt in a soft weave with a turn-down collar, French front, yoke at the back, open chest pockets and long sleeves with a button and slit at the cuffs. Straight-cut hem. Regular fit for comfortable wear and a classic silhouette.","['XS', 'S', 'M', 'L', 'XL', 'XXL']",Navy blue, 1,1.0
https://www2.hm.com/en_in/productpage.1273996001.html,https://image.hm.com/assets/hm/f4/90/f49044dfc5cbf4a6f090372d91df8cf9b2edc85d.jpg, 2299.00,Loose Fit Ribbed resort shirt,"Short-sleeved shirt in ribbed jersey with a resort collar, French front, yoke at the back and a straight-cut hem with a slit at each side. Loose fit for a generous but not oversized silhouette.","['XS', 'S', 'M', 'L', 'XL', 'XXL']",White,,
https://www2.hm.com/en_in/productpage.1277585003.html,https://image.hm.com/assets/hm/de/d2/ded24010b8b673eab6072c0f91556bd2e2f7f38d.jpg, 1999.00,Loose Fit Crinkled resort shirt,"Shirt in a crinkled weave made from a viscose blend with a resort collar, French front and short sleeves. Yoke at the back and a straight-cut hem with a slit at each side. Loose fit for a generous but not oversized silhouette.","['XS', 'S', 'M', 'L', 'XL', 'XXL']",Dusty brown,,
https://www2.hm.com/en_in/productpage.1290470001.html,https://image.hm.com/assets/hm/3a/fd/3afd208bdb9594aaaebb1c20ba861ca137f9a466.jpg, 2299.00,Regular Fit Resort shirt,"Short-sleeved shirt in jersey made from a cotton blend with a resort collar,  French front, buttoned chest pocket, yoke at the back and a straight-cut hem. Regular fit for comfortable wear and a classic silhouette.","['XS', 'S', 'M', 'L', 'XL', 'XXL']",White,,
https://www2.hm.com/en_in/productpage.1297891002.html,https://image.hm.com/assets/hm/b1/ad/b1ad3be43c10ea9d08b3b61f0ece8d645ef9f947.jpg, 2299.00,Slim Fit Cotton shirt,"Shirt in a cotton weave with a cut-away collar, a French front, a yoke at the back and a rounded hem. Long sleeves with adjustable buttoning at the cuffs and a sleeve placket with a link button. Slim fit that hugs the contours of your body, creating a fitted silhouette.","['XS', 'S', 'M', 'L', 'XL', 'XXL']",Black,,
https://www2.hm.com/en_in/productpage.1293436002.html,https://image.hm.com/assets/hm/cd/e0/cde024edc3adb80c3aa95e9a5059e0c4ee4ca4a3.jpg, 1999.00,Regular Fit Knitted short-sleeved shirt,"Short-sleeved shirt in a fine knit with a collar, buttons down the front and a straight hem. Regular fit for comfortable wear and a classic silhouette.","['XS', 'S', 'M', 'L', 'XL', 'XXL']",Navy blue,,
https://www2.hm.com/en_in/productpage.1283842002.html,https://image.hm.com/assets/hm/33/2f/332f7b77050ba8bb0c53619b4068c1be7da89c79.jpg, 2699.00,Regular Fit Lyocell resort shirt,"Short-sleeved shirt in a lyocell weave with a resort collar, French front, a yoke at the back, an open chest pocket and a straight-cut hem with a slit at each side. Regular fit for comfortable wear and a classic silhouette. Fabric made from lyocell is super soft, wrinkle resistant and drapes beautifully.","['XS', 'S', 'M', 'L', 'XL', 'XXL']",Khaki green,,
https://www2.hm.com/en_in/productpage.1265552001.html,https://image.hm.com/assets/hm/76/7b/767b281a8059eceda0ca139221d3424f1887d5bd.jpg, 2999.00,Regular Fit Linen-blend overshirt,"Overshirt in twill made from a cotton and linen blend with a turn-down collar, French front and a yoke at the back. Long sleeves with a slit and button at the cuffs. Patch chest pocket and a straight-cut hem. Regular fit for comfortable wear and a classic silhouette. Cotton and linen blends combine the softness of cotton with the sturdiness of linen, creating a beautiful, textured fabric that is breathable and drapes perfectly.","['XS', 'S', 'M', 'L', 'XL', 'XXL']",Black,,
https://www2.hm.com/en_in/productpage.1228156003.html,https://image.hm.com/assets/hm/24/34/243454170dc9d8f1bbe7e1f37caea6957ee0b750.jpg, 2299.00,Slim Fit Shirt,"Shirt in a cotton weave with a cut-away collar, classic front and a yoke at the back. Long sleeves with adjustable buttoning at the cuffs and a sleeve placket with a link button. Gently rounded hem. Slim fit that hugs the contours of your body, creating a fitted silhouette.","['XS', 'S', 'M', 'L', 'XL', 'XXL']",Light blue, 6,4.8
https://www2.hm.com/en_in/productpage.1228156002.html,https://image.hm.com/assets/hm/63/db/63dbae3046eab700de000b6614d1e4440125deb6.jpg, 2299.00,Slim Fit Shirt,"Shirt in a cotton weave with a cut-away collar, classic front and a yoke at the back. Long sleeves with adjustable buttoning at the cuffs and a sleeve placket with a link button. Gently rounded hem. Slim fit that hugs the contours of your body, creating a fitted silhouette.","['XS', 'S', 'M', 'L', 'XL', 'XXL']",Black, 6,4.8
https://www2.hm.com/en_in/productpage.1251261002.html,https://image.hm.com/assets/hm/db/be/dbbed13b0e7c7532fc80db8f7579680d19f2ef57.jpg, 2999.00,Regular Fit Corduroy overshirt,"Overshirt in soft cotton corduroy with a collar, zip down the front and a yoke at the back. Open chest pocket, discreet side pockets and long sleeves with a press-stud at the cuffs. Straight-cut hem. Regular fit for comfortable wear and a classic silhouette. Lined.","['XS', 'S', 'M', 'L', 'XL', 'XXL']",White, 25,4.0
https://www2.hm.com/en_in/productpage.1256946001.html,https://image.hm.com/assets/hm/61/d2/61d278843a076347bff2a3cbdd4ba372c7676575.jpg, 1999.00,Regular Fit Short-sleeved linen-blend shirt,"Short-sleeved shirt in an airy cotton and linen blend with a resort collar, French front and a yoke at the back. Open chest pocket and a straight-cut hem with a slit on each side. Regular fit for comfortable wear and a classic silhouette. Cotton and linen blends combine the softness of cotton with the sturdiness of linen, creating a beautiful, textured fabric that is breathable and drapes perfectly.","['XS', 'S', 'M', 'L', 'XL', 'XXL']",Light beige, 7,4.3
https://www2.hm.com/en_in/productpage.1285019001.html,https://image.hm.com/assets/hm/bf/17/bf1754754f5ea433bc95cf2170dfd18fe50cf7f8.jpg, 1999.00,Regular Fit Short-sleeved shirt,"Short-sleeved shirt in a cotton weave with a turn-down collar, French front, yoke at the back and an open chest pocket. Straight-cut hem with a slit at each side. Regular fit for comfortable wear and a classic silhouette.","['XS', 'S', 'M', 'L', 'XL', 'XXL']",White/Grey striped, 3,4.3
https://www2.hm.com/en_in/productpage.1281429002.html,https://image.hm.com/assets/hm/3c/c6/3cc6dadd9aa311b1fb29da0f1fd83e3d597abd0b.jpg, 2999.00,Regular Fit Utility shirt,"Utility shirt in sturdy jersey with a turn-down collar, buttons down the front, a yoke with a box pleat at the back and patch chest pockets with a button. Long sleeves with a slit and adjustable buttoning at the cuffs. Straight-cut hem. Regular fit for comfortable wear and a classic silhouette.","['S', 'M', 'L']",Dark brown,,
https://www2.hm.com/en_in/productpage.1286240001.html,https://image.hm.com/assets/hm/5b/ab/5bab7a84b60507f46c3a01196b947ac3498ee3e6.jpg, 2299.00,Regular Fit Fine-knit shirt,"Short-sleeved shirt in a fine knit with a turn-down collar, buttons down the front and a straight hem with a slit on each side. Regular fit for comfortable wear and a classic silhouette.","['XS', 'S', 'M', 'L', 'XL', 'XXL']",Navy blue,,
https://www2.hm.com/en_in/productpage.1283842001.html,https://image.hm.com/assets/hm/53/93/53939361c17d41f6db3e2baaac9a626ffe32dd2e.jpg, 2699.00,Regular Fit Lyocell resort shirt,"Short-sleeved shirt in a lyocell weave with a resort collar, French front, a yoke at the back, an open chest pocket and a straight-cut hem with a slit at each side. Regular fit for comfortable wear and a classic silhouette. Fabric made from lyocell is super soft, wrinkle resistant and drapes beautifully.","['XS', 'S', 'M', 'L', 'XL', 'XXL']",Black,,
https://www2.hm.com/en_in/productpage.1292130001.html,https://image.hm.com/assets/hm/9b/c2/9bc251a46c3b636820ce0dcca1a6547783b0bed7.jpg, 1999.00,Regular Fit Resort shirt,"Short-sleeved shirt in an airy weave made from a viscose blend with a resort collar, French front and a straight-cut hem. Regular fit for comfortable wear and a classic silhouette.","['XS', 'S', 'M', 'L', 'XL', 'XXL']",White/Grey striped,,
https://www2.hm.com/en_in/productpage.1300060002.html,https://image.hm.com/assets/hm/a6/6e/a66e6db523220a6dd11db90f9638a95d6e953c6b.jpg, 2299.00,Regular Fit Short-sleeved shirt,"Short-sleeved shirt in a soft weave made from a cotton blend with a turn-down collar, classic front, chest pocket, yoke at the back and a straight-cut hem. Regular fit for comfortable wear and a classic silhouette.","['XS', 'S', 'M', 'L', 'XL', 'XXL']",White/Striped,,
https://www2.hm.com/en_in/productpage.1282252002.html,https://image.hm.com/assets/hm/67/f1/67f1f2f432132103ebe6e021b0b5fcc97e49812f.jpg, 2299.00,Oversized Fit Short-sleeved linen-blend shirt,"Short-sleeved shirt in an airy cotton and linen blend with a turn-down collar, a classic front, an open chest pocket and a straight-cut hem. Oversized fit for a baggy, extra-loose silhouette. Cotton and linen blends combine the softness of cotton with the sturdiness of linen, creating a beautiful, textured fabric that is breathable and drapes perfectly.","['XS', 'S', 'M', 'L', 'XL', 'XXL']",Beige/Checked, 1,4.0
https://www2.hm.com/en_in/productpage.1297891001.html,https://image.hm.com/assets/hm/55/fc/55fc71354567accd866784dd6c12f9bc814030b3.jpg, 2299.00,Slim Fit Cotton shirt,"Shirt in a cotton weave with a cut-away collar, a French front, a yoke at the back and a rounded hem. Long sleeves with adjustable buttoning at the cuffs and a sleeve placket with a link button. Slim fit that hugs the contours of your body, creating a fitted silhouette.","['XS', 'S', 'M', 'L', 'XL', 'XXL']",White,,
https://www2.hm.com/en_in/productpage.1297891003.html,https://image.hm.com/assets/hm/19/1b/191b786481fad7ea57ab1a3ff62246d2246dea45.jpg, 2299.00,Slim Fit Cotton shirt,"Shirt in a cotton weave with a cut-away collar, a French front, a yoke at the back and a rounded hem. Long sleeves with adjustable buttoning at the cuffs and a sleeve placket with a link button. Slim fit that hugs the contours of your body, creating a fitted silhouette.","['XS', 'S', 'M', 'L', 'XL', 'XXL']",Blue,,
https://www2.hm.com/en_in/productpage.1277588002.html,https://image.hm.com/assets/hm/a1/77/a1774dbb713a24ffca2afeeb7dea6ec016c43451.jpg, 2699.00,Regular Fit Linen-blend resort shirt,"Shirt in an airy cotton and linen weave with a resort collar, French front, short sleeves and a straight-cut hem with a slit at each side. Regular fit for comfortable wear and a classic silhouette. Cotton and linen blends combine the softness of cotton with the sturdiness of linen, creating a beautiful, textured fabric that is breathable and drapes perfectly.","['XS', 'S', 'M', 'L', 'XL', 'XXL']",White/Beige patterned,,
https://www2.hm.com/en_in/productpage.1289800002.html,https://image.hm.com/assets/hm/10/02/1002cdc4ed09b85973f6aa00d9cab8ce1997e713.jpg, 2299.00,Regular Fit Patterned resort shirt,"Short-sleeved shirt in an airy weave with a printed pattern. Resort collar, French front, and a straight-cut hem. Regular fit for comfortable wear and a classic silhouette.","['XS', 'S', 'M', 'L', 'XL', 'XXL']",Light beige/Patterned,,
https://www2.hm.com/en_in/productpage.1289418001.html,https://image.hm.com/assets/hm/b5/f8/b5f855575bbf7491e43349d7af98adcddb485e81.jpg, 2299.00,Regular Fit Ribbed resort shirt,"Short-sleeved shirt in ribbed jersey made from a cotton blend with a resort collar, French front and a straight-cut hem. Regular fit for comfortable wear and a classic silhouette.","['XS', 'S', 'M', 'L', 'XL', 'XXL']",Sage green,,
https://www2.hm.com/en_in/productpage.1263284001.html,https://image.hm.com/assets/hm/0d/35/0d355604996a1478fbac1321c14ae77b01aae833.jpg, 2299.00,Regular Fit Linen resort shirt,"Short-sleeved shirt in airy linen with a resort collar, French front, yoke at the back, chest pocket and a straight-cut hem. Regular fit for comfortable wear and a classic silhouette. Fabric made from linen is breathable, beautiful both ironed and wrinkled, and softens over time.","['XS', 'S', 'M', 'L', 'XL', 'XXL']",White,,
https://www2.hm.com/en_in/productpage.1265290002.html,https://image.hm.com/assets/hm/48/27/48277fb0a838f4e88512e0128811949b09b7568a.jpg, 2299.00,Loose Fit Flannel shirt,"Shirt in soft cotton flannel with a turn-down collar, classic front, yoke at the back and an open chest pocket. Long sleeves with buttoned cuffs and a sleeve placket, and a gently rounded hem. Loose fit for a generous but not oversized silhouette.","['XS', 'S', 'M', 'L', 'XL', 'XXL']",Beige/Checked, 5,4.2
https://www2.hm.com/en_in/productpage.1256946003.html,https://image.hm.com/assets/hm/5e/8a/5e8a2a7bf1fd229827207f42b1a47cb5ee498151.jpg, 1999.00,Regular Fit Short-sleeved linen-blend shirt,"Short-sleeved shirt in an airy cotton and linen blend with a resort collar, French front and a yoke at the back. Open chest pocket and a straight-cut hem with a slit on each side. Regular fit for comfortable wear and a classic silhouette. Cotton and linen blends combine the softness of cotton with the sturdiness of linen, creating a beautiful, textured fabric that is breathable and drapes perfectly.","['XS', 'S', 'M', 'L', 'XL', 'XXL']",Black, 7,4.3
https://www2.hm.com/en_in/productpage.1290470002.html,https://image.hm.com/assets/hm/85/c4/85c4954529eef2e95ac8c601143e961512169d5b.jpg, 2299.00,Regular Fit Resort shirt,"Short-sleeved shirt in jersey made from a cotton blend with a resort collar,  French front, buttoned chest pocket, yoke at the back and a straight-cut hem. Regular fit for comfortable wear and a classic silhouette.","['XS', 'S', 'M', 'L', 'XL', 'XXL']",Black,,
https://www2.hm.com/en_in/productpage.1289983002.html,https://image.hm.com/assets/hm/ff/b7/ffb723bb253524a403d5c449dd8674fdf13aa256.jpg, 2699.00,Regular Fit Textured-knit resort shirt,"Short-sleeved shirt in a textured knit with a resort collar, buttons down the front and a straight hem. Regular fit for comfortable wear and a classic silhouette.","['XS', 'S', 'M', 'L', 'XL', 'XXL']",Khaki green,,
https://www2.hm.com/en_in/productpage.1265556004.html,https://image.hm.com/assets/hm/c3/04/c304e1f9c9d7f308baa6c710db8b2056cc3eb351.jpg, 1999.00,Regular Fit Linen-blend resort shirt,"Short-sleeved shirt in an airy linen and cotton blend with a resort collar, French front, yoke at the back, chest pocket and a straight-cut hem with a slit at each side. Regular fit for comfortable wear and a classic silhouette. Cotton and linen blends combine the softness of cotton with the sturdiness of linen, creating a beautiful, textured fabric that is breathable and drapes perfectly.","['XS', 'S', 'M', 'L', 'XL', 'XXL']",Dark grey, 6,3.8
https://www2.hm.com/en_in/productpage.1288849001.html,https://image.hm.com/assets/hm/8e/21/8e21b64a5b291b3014c20aff62bff1f16c33dfbf.jpg, 2999.00,Slim Fit Tuxedo shirt,"Tuxedo shirt in a woven cotton blend with a cutaway collar and a top button, a concealed button placket and a yoke at the back. Long sleeves with buttoned cuffs and a sleeve placket with a link button. Rounded hem. Slim fit that hugs the contours of your body, creating a fitted silhouette.","['XS', 'S', 'M', 'L', 'XL', 'XXL']",White,,
https://www2.hm.com/en_in/productpage.1286182002.html,https://image.hm.com/assets/hm/50/a3/50a31a1f83f636c33eaf36d63bf5a415c3794fa2.jpg, 2799.00,Regular Fit Linen-blend resort shirt,"Short-sleeved shirt in a fine knit made from a linen blend with a resort collar, French front and a straight hem. Regular fit for comfortable wear and a classic silhouette.","['XS', 'S', 'M', 'L', 'XL', 'XXL']",Sage green,,
https://www2.hm.com/en_in/productpage.1265102001.html,https://image.hm.com/assets/hm/98/ed/98ed54d235c133ddbaf6c53a78c30a6a30dd35e5.jpg, 2299.00,Regular Fit Resort shirt,"Short-sleeved shirt in a textured knit made from a cotton blend with a resort collar, French front and a straight hem. Regular fit for comfortable wear and a classic silhouette.","['XS', 'S', 'M', 'L', 'XL', 'XXL']",Grey/White,,
https://www2.hm.com/en_in/productpage.1273929002.html,https://image.hm.com/assets/hm/dd/50/dd50709f3d3b9b1785cd47c10e3357a49146df81.jpg, 2299.00,Regular Fit Resort shirt,"Short-sleeved shirt in a textured knit with a resort collar, French front and a straight hem. Regular fit for comfortable wear and a classic silhouette.","['XS', 'S', 'M', 'L', 'XL', 'XXL']",Dark beige,,
https://www2.hm.com/en_in/productpage.1265205001.html,https://image.hm.com/assets/hm/98/89/988947e5cf2cc3d32b832ae6b4cc1b3d9cdc049c.jpg, 2999.00,Regular Fit Textured overshirt,"Overshirt in a textured cotton weave with a turn-down collar, French front, yoke at the back and open chest pockets. Long sleeves with buttoned cuffs and a sleeve placket. Straight-cut hem. Regular fit for comfortable wear and a classic silhouette.","['XS', 'S', 'M', 'L', 'XL', 'XXL']",Cream,,
https://www2.hm.com/en_in/productpage.1263275003.html,https://image.hm.com/assets/hm/f1/8c/f18cdaaa4183e7c4aca7dc5bfa0bf7d5322e734f.jpg, 1999.00,Regular Fit Crinkled short-sleeved shirt,"Short-sleeved shirt in a crinkled cotton weave featuring a turn-down collar, French front, yoke at the back and a straight-cut hem with a slit at each side. Regular fit for comfortable wear and a classic silhouette.","['XS', 'S', 'M', 'L', 'XL', 'XXL']",Beige,,
https://www2.hm.com/en_in/productpage.1262042001.html,https://image.hm.com/assets/hm/fa/84/fa847c63c8d10705e7c3b9af94c3949cf31481ad.jpg, 2299.00,Regular Fit Linen-blend resort shirt,"Short-sleeved shirt in an airy linen and cotton weave with a resort collar, French front, yoke at the back, chest pocket and a straight-cut hem with a slit at each side. Regular fit for comfortable wear and a classic silhouette. Cotton and linen blends combine the softness of cotton with the sturdiness of linen, creating a beautiful, textured fabric that is breathable and drapes perfectly.","['XS', 'S', 'M', 'L', 'XL', 'XXL']",Beige,,
https://www2.hm.com/en_in/productpage.1263276001.html,https://image.hm.com/assets/hm/30/02/3002577936c3775eb1a8e0fa96ec45434fa4276f.jpg, 1999.00,Regular Fit Short-sleeved linen-blend shirt,"Short-sleeved shirt in an airy weave made from a cotton and linen blend with a turn-down collar, French front and a yoke at the back. Open chest pocket and a straight-cut hem. Regular fit for comfortable wear and a classic silhouette. Cotton and linen blends combine the softness of cotton with the sturdiness of linen, creating a beautiful, textured fabric that is breathable and drapes perfectly.","['XS', 'S', 'M', 'L', 'XL', 'XXL']",White,,
https://www2.hm.com/en_in/productpage.1263276002.html,https://image.hm.com/assets/hm/33/2b/332bd2bd7aae933758ad4c4deb02cc9efab8bcff.jpg, 1999.00,Regular Fit Short-sleeved linen-blend shirt,"Short-sleeved shirt in an airy weave made from a cotton and linen blend with a turn-down collar, French front and a yoke at the back. Open chest pocket and a straight-cut hem. Regular fit for comfortable wear and a classic silhouette. Cotton and linen blends combine the softness of cotton with the sturdiness of linen, creating a beautiful, textured fabric that is breathable and drapes perfectly.","['XS', 'S', 'M', 'L', 'XL', 'XXL']",Light beige,,
https://www2.hm.com/en_in/productpage.1263275002.html,https://image.hm.com/assets/hm/aa/a5/aaa52ba7b42271790e57a6ac64f26abb70c20b5d.jpg, 1999.00,Regular Fit Crinkled short-sleeved shirt,"Short-sleeved shirt in a crinkled cotton weave featuring a turn-down collar, French front, yoke at the back and a straight-cut hem with a slit at each side. Regular fit for comfortable wear and a classic silhouette.","['XS', 'S', 'M', 'L', 'XL', 'XXL']",White,,
https://www2.hm.com/en_in/productpage.1277588001.html,https://image.hm.com/assets/hm/51/a0/51a084dd9a22af45eb763b57445770f8573799c8.jpg, 2699.00,Regular Fit Linen-blend resort shirt,"Shirt in an airy cotton and linen weave with a resort collar, French front, short sleeves and a straight-cut hem with a slit at each side. Regular fit for comfortable wear and a classic silhouette. Cotton and linen blends combine the softness of cotton with the sturdiness of linen, creating a beautiful, textured fabric that is breathable and drapes perfectly.","['XS', 'S', 'M', 'L', 'XL', 'XXL']",White/Grey patterned,,
https://www2.hm.com/en_in/productpage.1263274004.html,https://image.hm.com/assets/hm/53/b6/53b608671e9fc355fc31d1f7d26ce20da20f9eb0.jpg, 1499.00,Regular Fit Textured-weave resort shirt,"Short-sleeved shirt in a textured weave made from a viscose blend with a resort collar, French front and a straight-cut hem with a slit at each side. Regular fit for comfortable wear and a classic silhouette.","['XS', 'S', 'M', 'L', 'XL', 'XXL']",Grey, 10,4.7
https://www2.hm.com/en_in/productpage.1264927001.html,https://image.hm.com/assets/hm/8e/a9/8ea961f639d45c3d3ecda7f9664e9bee09364f7f.jpg, 3999.00,Oversized Fit Flannel overshirt,"Lightly padded overshirt in cotton flannel featuring a turn-down collar, classic front with press-studs, yoke at the back, flap chest pockets with a concealed press-stud and discreet side pockets. Straight-cut hem with a slit at each side. Long sleeves with a sleeve placket and a press-stud at the cuffs. Quilted lining. Oversized fit for a baggy, extra-loose silhouette.","['XS', 'S', 'M', 'L', 'XL', 'XXL']",Dark grey/Checked,,
https://www2.hm.com/en_in/productpage.1293436003.html,https://image.hm.com/assets/hm/31/5f/315ff3aa65fac83dd2bf9adff9bcccdea18fed41.jpg, 1999.00,Regular Fit Knitted short-sleeved shirt,"Short-sleeved shirt in a fine knit with a collar, buttons down the front and a straight hem. Regular fit for comfortable wear and a classic silhouette.","['XS', 'S', 'M', 'L', 'XL', 'XXL']",Dark green,,
https://www2.hm.com/en_in/productpage.1293436001.html,https://image.hm.com/assets/hm/6b/03/6b032eae37dfcc614935a1a0e17bd09e46b26bfb.jpg, 1999.00,Regular Fit Knitted short-sleeved shirt,"Short-sleeved shirt in a fine knit with a collar, buttons down the front and a straight hem. Regular fit for comfortable wear and a classic silhouette.","['XS', 'S', 'M', 'L', 'XL', 'XXL']",Black,,
https://www2.hm.com/en_in/productpage.1289418002.html,https://image.hm.com/assets/hm/f6/90/f69078d7582ba7851896524949ef6cf0231b928e.jpg, 2299.00,Regular Fit Ribbed resort shirt,"Short-sleeved shirt in ribbed jersey made from a cotton blend with a resort collar, French front and a straight-cut hem. Regular fit for comfortable wear and a classic silhouette.","['XS', 'S', 'M', 'L', 'XL', 'XXL']",Navy blue,,
https://www2.hm.com/en_in/productpage.1285132001.html,https://image.hm.com/assets/hm/69/16/691607f36484dcfab65857efac6d82e0e98a98d7.jpg, 2299.00,Loose Fit Rib-knit resort shirt,"Short-sleeved shirt in a soft rib knit with a resort collar, buttons down the front and a straight hem. Loose fit for a generous but not oversized silhouette.","['XS', 'S', 'M', 'L', 'XL', 'XXL']",Brown,,
https://www2.hm.com/en_in/productpage.1277503002.html,https://image.hm.com/assets/hm/f2/a9/f2a9180035d907344d2b48cf8e26afb1ebb8a205.jpg, 2299.00,Regular Fit Lyocell-blend resort shirt,"Short-sleeved shirt in a patterned weave made from a lyocell blend with a resort collar, French front and a straight-cut hem. Regular fit for comfortable wear and a classic silhouette.","['XS', 'S', 'M', 'L', 'XL', 'XXL']",Cream/Patterned, 1,5.0
https://www2.hm.com/en_in/productpage.1262042002.html,https://image.hm.com/assets/hm/14/b1/14b1d8fb05177583d583b7b4aad022d42714dafc.jpg, 2299.00,Regular Fit Linen-blend resort shirt,"Short-sleeved shirt in an airy linen and cotton weave with a resort collar, French front, yoke at the back, chest pocket and a straight-cut hem with a slit at each side. Regular fit for comfortable wear and a classic silhouette. Cotton and linen blends combine the softness of cotton with the sturdiness of linen, creating a beautiful, textured fabric that is breathable and drapes perfectly.","['XS', 'S', 'M', 'L', 'XL', 'XXL']",Black,,
https://www2.hm.com/en_in/productpage.1292498002.html,https://image.hm.com/assets/hm/19/98/1998a2489bcb262c4f47239c4070f2dfa418f0fd.jpg, 2299.00,Regular Fit Textured resort shirt,"Short-sleeved shirt in a textured weave with a resort collar, French front, open chest pocket and a straight-cut hem. Regular fit for comfortable wear and a classic silhouette.","['XS', 'S', 'M', 'L', 'XL', 'XXL']",Dark brown,,
https://www2.hm.com/en_in/productpage.1263284002.html,https://image.hm.com/assets/hm/d9/c1/d9c118653fb13276b28e0983a04f5d8987eda495.jpg, 2299.00,Regular Fit Linen resort shirt,"Short-sleeved shirt in airy linen with a resort collar, French front, yoke at the back, chest pocket and a straight-cut hem. Regular fit for comfortable wear and a classic silhouette. Fabric made from linen is breathable, beautiful both ironed and wrinkled, and softens over time.","['XS', 'S', 'M', 'L', 'XL', 'XXL']",Navy blue,,
https://www2.hm.com/en_in/productpage.1289798002.html,https://image.hm.com/assets/hm/93/9d/939d4790b306056fafa0a2a7ed3036adeb1c7150.jpg, 2799.00,Loose Fit Poplin shirt,"Shirt in cotton poplin featuring a turn-down collar, classic front, yoke at the back and an open chest pocket. Long sleeves with buttoned cuffs and a sleeve placket with a link button, and a gently rounded hem. Loose fit for a generous but not oversized silhouette.","['XS', 'S', 'M', 'L', 'XL', 'XXL']",Blue/Pinstriped,,
https://www2.hm.com/en_in/productpage.1276827002.html,https://image.hm.com/assets/hm/07/5a/075abbb4c0291ba8542f551ce88af5b8e9edcb8f.jpg, 2299.00,Loose Fit Short-sleeved linen-blend shirt,"Short-sleeved shirt in an airy linen and viscose blend with a turn-down collar, French front and a yoke at the back. Straight-cut hem. Loose fit for a generous but not oversized silhouette.","['XS', 'S', 'M', 'L', 'XL', 'XXL']",Navy blue, 2,4.5
https://www2.hm.com/en_in/productpage.1231420001.html,https://image.hm.com/assets/hm/09/84/09848f8557ba8b2cd7356fc0417c33781ca00c4a.jpg, 2999.00,Regular Fit Wool-blend overshirt,"Overshirt in brushed twill made from a wool blend. Collar, buttons down the front, yoke at the back and flap chest pockets with a button. Long sleeves with a slit and button at the cuffs. Regular fit for comfortable wear and a classic silhouette.","['XS', 'S', 'M', 'L', 'XL', 'XXL']",Dark beige marl, 3,3.7
https://www2.hm.com/en_in/productpage.1273996002.html,https://image.hm.com/assets/hm/7a/33/7a33c500a5c4c5eecef763d7d2e017eacfd9d3dd.jpg, 2299.00,Loose Fit Ribbed resort shirt,"Short-sleeved shirt in ribbed jersey with a resort collar, French front, yoke at the back and a straight-cut hem with a slit at each side. Loose fit for a generous but not oversized silhouette.","['XS', 'S', 'M', 'L', 'XL', 'XXL']",Black,,
https://www2.hm.com/en_in/productpage.1242812015.html,https://image.hm.com/assets/hm/be/5b/be5bef8f42a2d22983dd0bbe410789f692f9b646.jpg, 1499.00,Slim Fit Easy-iron shirt,"Shirt in woven fabric with an easy-iron finish. Turn-down collar, a classic front and a yoke at the back. Long sleeves with adjustable buttoning at the cuffs and a sleeve placket with a link button. Gently rounded hem. Slim fit that hugs the contours of your body, creating a fitted silhouette.","['XS', 'S', 'M', 'L', 'XL', 'XXL']",Light blue, 354,4.4
https://www2.hm.com/en_in/productpage.1257566004.html,https://image.hm.com/assets/hm/aa/df/aadfc0f214d544a8e57fbbd96443e7da7decea0f.jpg, 2299.00,Regular Fit Cotton twill overshirt,"Overshirt in cotton twill with a turn-down collar, classic front, patch chest pocket and a straight-cut hem. Long sleeves with slit and button at the cuffs. Regular fit for comfortable wear and a classic silhouette. Unlined.","['XS', 'S', 'M', 'L', 'XL', 'XXL']",Beige, 1,5.0
https://www2.hm.com/en_in/productpage.1228156001.html,https://image.hm.com/assets/hm/b4/2a/b42ab9b827650dd713d8fee5f933b82be41312dc.jpg, 2299.00,Slim Fit Shirt,"Shirt in a cotton weave with a cut-away collar, classic front and a yoke at the back. Long sleeves with adjustable buttoning at the cuffs and a sleeve placket with a link button. Gently rounded hem. Slim fit that hugs the contours of your body, creating a fitted silhouette.","['XS', 'S', 'M', 'L', 'XL', 'XXL']",White, 6,4.8
https://www2.hm.com/en_in/productpage.1282148003.html,https://image.hm.com/assets/hm/fa/48/fa4874e500bb26c44bb3b363778d6a07932b85d4.jpg, 1999.00,Regular Fit Short-sleeved shirt,"Short-sleeved shirt in a cotton blend weave with a turn-down collar, French front, yoke at the back and an open chest pocket. Straight-cut hem with a slit at each side. Regular fit for comfortable wear and a classic silhouette.","['XS', 'S', 'M', 'L', 'XL', 'XXL']",Beige/Checked, 1,4.0
https://www2.hm.com/en_in/productpage.1277322001.html,https://image.hm.com/assets/hm/0e/20/0e20283e7d4fd429877b105e5e5c76dc1ce33471.jpg, 1999.00,Loose Fit Resort shirt,"Shirt in a lyocell weave with an embroidered motif on the chest. Resort collar, French front, short sleeves and a straight-cut hem with a slit at each side. Loose fit for a generous but not oversized silhouette. Fabric made from lyocell is super soft, wrinkle resistant and drapes beautifully.","['XS', 'S', 'M', 'L', 'XL', 'XXL']",Black, 3,2.7
https://www2.hm.com/en_in/productpage.1276827003.html,https://image.hm.com/assets/hm/c3/27/c32746af7cf99c42f67405c6412081ca620d8d32.jpg, 2299.00,Loose Fit Short-sleeved linen-blend shirt,"Short-sleeved shirt in an airy linen and viscose blend with a turn-down collar, French front and a yoke at the back. Straight-cut hem. Loose fit for a generous but not oversized silhouette.","['XS', 'S', 'M', 'L', 'XL', 'XXL']",Green, 2,4.5
https://www2.hm.com/en_in/productpage.1265607001.html,https://image.hm.com/assets/hm/ee/fc/eefc5bfd0aeb8fc34ccc6d069e869a5676ac3707.jpg, 2699.00,Regular Fit Utility overshirt,"Overshirt in a cotton weave with a collar, classic front with press-studs, bellows chest pockets, flap sleeve pocket and a yoke at the back. Long sleeves with a sleeve placket and a press-stud at the cuffs. Straight-cut hem with a slit at each side. Regular fit for comfortable wear and a classic silhouette.","['XS', 'S', 'M', 'L', 'XL', 'XXL']",Black,,
https://www2.hm.com/en_in/productpage.1265140001.html,https://image.hm.com/assets/hm/f3/69/f36958b53a54cd1a214a887d9d42497279ac94ac.jpg, 2699.00,Regular Fit Resort shirt,"Shirt in a soft weave with a resort collar, French front and yoke at the back. Long sleeves with adjustable buttons at the cuffs and a sleeve placket with a link button. Straight-cut hem. Regular fit for comfortable wear and a classic silhouette.","['XS', 'S', 'M', 'L', 'XL', 'XXL']",Navy blue,,
https://www2.hm.com/en_in/productpage.1259798003.html,https://image.hm.com/assets/hm/bc/13/bc13c82c4b9eef999237188755466053622c3727.jpg, 2999.00,Regular Fit Overshirt,"Overshirt in woven fabric with a turn-down collar, French front, yoke at the back, flap chest pockets and a straight-cut hem. Long sleeves with a slit and button at the cuffs. Regular fit for comfortable wear and a classic silhouette. Lined.","['XS', 'S', 'M', 'L', 'XL', 'XXL']",Black, 7,4.6
https://www2.hm.com/en_in/productpage.1258973003.html,https://image.hm.com/assets/hm/64/d2/64d2426786eda214bb90a4988c45533aedab9204.jpg, 2299.00,Regular Fit Linen-blend shirt,"Shirt in an airy weave made from a linen and cotton blend with a band collar, French front and a yoke at the back. Long sleeves with adjustable buttoning at the cuffs and a sleeve placket with a link button. Rounded hem. Regular fit for comfortable wear and a classic silhouette. Cotton and linen blends combine the softness of cotton with the sturdiness of linen, creating a beautiful, textured fabric that is breathable and drapes perfectly.","['XS', 'S', 'M', 'L', 'XL', 'XXL']",Beige,,
https://www2.hm.com/en_in/productpage.1306108001.html,https://image.hm.com/assets/hm/98/2c/982c808e4e92581c1773544453147be65f8f8c7e.jpg, 2999.00,Oversized Fit Denim shirt,"Shirt in rigid, coated cotton denim with a turn-down collar, classic front with metal buttons, a yoke at the back, dropped shoulders and a rounded hem. Long sleeves with buttoned cuffs and a sleeve placket. Oversized fit for a baggy, extra-loose silhouette.","['XS', 'S', 'M', 'L', 'XL', 'XXL']",Brown,,
https://www2.hm.com/en_in/productpage.1304741003.html,https://image.hm.com/assets/hm/74/e3/74e31c4344bd48639925f9822416f7de4c556b01.jpg, 2799.00,Slim Fit Cotton shirt,"Shirt in a soft cotton weave with a turn-down collar, French front and a back yoke. Designed with long sleeves, adjustable buttoned cuffs, and a sleeve placket with a link button. Gently rounded hem. Slim fit that hugs the contours of your body, creating a fitted silhouette.","['XS', 'S', 'M', 'L', 'XL', 'XXL']",Light blue,,
https://www2.hm.com/en_in/productpage.1304741002.html,https://image.hm.com/assets/hm/b4/65/b4650376ed259aed558da5a90d6b0f65c292f1c6.jpg, 2799.00,Slim Fit Cotton shirt,"Shirt in a soft cotton weave with a turn-down collar, French front and a back yoke. Designed with long sleeves, adjustable buttoned cuffs, and a sleeve placket with a link button. Gently rounded hem. Slim fit that hugs the contours of your body, creating a fitted silhouette.","['XS', 'S', 'M', 'L', 'XL', 'XXL']",Black,,
https://www2.hm.com/en_in/productpage.1304741001.html,https://image.hm.com/assets/hm/23/1a/231aabc9ee1f59147fece7773178ad715d9ece19.jpg, 2799.00,Slim Fit Cotton shirt,"Shirt in a soft cotton weave with a turn-down collar, French front and a back yoke. Designed with long sleeves, adjustable buttoned cuffs, and a sleeve placket with a link button. Gently rounded hem. Slim fit that hugs the contours of your body, creating a fitted silhouette.","['XS', 'S', 'M', 'L', 'XL', 'XXL']",White,,
