unique_id,product_name,regular_price,selling_price,percentage_discount,breadcrumb,pdp_url,uom
508612,"Zott Jogobella élőflórás, zsírszegény joghurtos ital 250 g",,319,,"Főoldal > Online áruház > friss-elelmiszer > tejtermek-tojas-sajt > joghurtok > joghurt-italok > Zott Jogobella élőflórás, zsírszegény joghurtos ital 250 g","https://auchan.hu/shop/zott-jogobella-élőflórás,-zsírszegény-joghurtos-ital-250-g.p-509938",g
17455,Zott Jogobella joghurtos ital 250 g,,319,,Főoldal > Online áruház > friss-elelmiszer > tejtermek-tojas-sajt > joghurtok > joghurt-italok > Zott Jogobella joghurtos ital 250 g,https://auchan.hu/shop/zott-jogobella-joghurtos-ital-250-g.p-557410,g
17458,Zott Jogobella joghurtos ital 250 g,,319,,Főoldal > Online áruház > friss-elelmiszer > tejtermek-tojas-sajt > joghurtok > joghurt-italok > Zott Jogobella joghurtos ital 250 g,https://auchan.hu/shop/zott-jogobella-joghurtos-ital-250-g.p-557414,g
782720,Real Nature epres-banános joghurtital 250 g,,369,,Főoldal > Online áruház > friss-elelmiszer > tejtermek-tojas-sajt > joghurtok > joghurt-italok > Real Nature epres-banános joghurtital 250 g,https://auchan.hu/shop/real-nature-epres-banános-joghurtital-250-g.p-763965,g
828326,Danone dinnye ízű iható fermentált tejkészítmény 310 g,,429,,Főoldal > Online áruház > friss-elelmiszer > tejtermek-tojas-sajt > joghurtok > joghurt-italok > Danone dinnye ízű iható fermentált tejkészítmény 310 g,https://auchan.hu/shop/danone-dinnye-ízű-iható-fermentált-tejkészítmény-310-g.p-953460,g
828374,Danone eper ízű iható fermentált tejkészítmény 310 g,,429,,Főoldal > Online áruház > friss-elelmiszer > tejtermek-tojas-sajt > joghurtok > joghurt-italok > Danone eper ízű iható fermentált tejkészítmény 310 g,https://auchan.hu/shop/danone-eper-ízű-iható-fermentált-tejkészítmény-310-g.p-959303,g
828329,Danone málnaízű iható fermentált tejkészítmény 310 g,,429,,Főoldal > Online áruház > friss-elelmiszer > tejtermek-tojas-sajt > joghurtok > joghurt-italok > Danone málnaízű iható fermentált tejkészítmény 310 g,https://auchan.hu/shop/danone-málnaízű-iható-fermentált-tejkészítmény-310-g.p-953461,g
615665,Parmalat zsírszegény epres ivójoghurt 330 g,,459,,Főoldal > Online áruház > friss-elelmiszer > tejtermek-tojas-sajt > joghurtok > joghurt-italok > Parmalat zsírszegény epres ivójoghurt 330 g,https://auchan.hu/shop/parmalat-zsírszegény-epres-ivójoghurt-330-g.p-695177,g
615659,Parmalat zsírszegény erdei gyümölcsös ivójoghurt 330 g,,459,,Főoldal > Online áruház > friss-elelmiszer > tejtermek-tojas-sajt > joghurtok > joghurt-italok > Parmalat zsírszegény erdei gyümölcsös ivójoghurt 330 g,https://auchan.hu/shop/parmalat-zsírszegény-erdei-gyümölcsös-ivójoghurt-330-g.p-695022,g
615662,Parmalat zsírszegény meggyes ivójoghurt 330 g,,459,,Főoldal > Online áruház > friss-elelmiszer > tejtermek-tojas-sajt > joghurtok > joghurt-italok > Parmalat zsírszegény meggyes ivójoghurt 330 g,https://auchan.hu/shop/parmalat-zsírszegény-meggyes-ivójoghurt-330-g.p-695176,g
615656,Parmalat zsírszegény őszibarackos ivójoghurt 330,,459,,Főoldal > Online áruház > friss-elelmiszer > tejtermek-tojas-sajt > joghurtok > joghurt-italok > Parmalat zsírszegény őszibarackos ivójoghurt 330,https://auchan.hu/shop/parmalat-zsírszegény-őszibarackos-ivójoghurt-330.p-695021,
451360,Havasi Joghurt,,464,,Főoldal > Online áruház > friss-elelmiszer > tejtermek-tojas-sajt > joghurtok > joghurt-italok > Havasi Joghurt,https://auchan.hu/shop/havasi-joghurt.p-379299,
452089,Danone Actimel eperízű sovány joghurtalapú ital édesítőszerekkel 4 x 100 g (400 g),799,499,37,Főoldal > Online áruház > friss-elelmiszer > tejtermek-tojas-sajt > joghurtok > joghurt-italok > Danone Actimel eperízű sovány joghurtalapú ital édesítőszerekkel 4 x 100 g (400 g),https://auchan.hu/shop/danone-actimel-eperízű-sovány-joghurtalapú-ital-édesítőszerekkel-4-x-100-g-(400-g).p-409985,g
7030,Danone Actimel eperízű zsírszegény joghurtalapú ital B6- és D-vitaminnal 4 x 100 g (400 g),799,499,37,Főoldal > Online áruház > friss-elelmiszer > tejtermek-tojas-sajt > joghurtok > joghurt-italok > Danone Actimel eperízű zsírszegény joghurtalapú ital B6- és D-vitaminnal 4 x 100 g (400 g),https://auchan.hu/shop/danone-actimel-eperízű-zsírszegény-joghurtalapú-ital-b6--és-d-vitaminnal-4-x-100-g-(400-g).p-333472,g
425494,Danone Actimel Kids vaníliaízű zsírszegény joghurtalapú ital B6-és D-vitaminnal 4 x 100 g (400 g),799,499,37,Főoldal > Online áruház > friss-elelmiszer > tejtermek-tojas-sajt > joghurtok > joghurt-italok > Danone Actimel Kids vaníliaízű zsírszegény joghurtalapú ital B6-és D-vitaminnal 4 x 100 g (400 g),https://auchan.hu/shop/danone-actimel-kids-vaníliaízű-zsírszegény-joghurtalapú-ital-b6-és-d-vitaminnal-4-x-100-g-(400-g).p-375219,g
29080,Danone Actimel Kids zsírszegény eper-banánízű joghurtital B6- és D-vitaminnal 4 x 100 g (400 g),799,499,37,Főoldal > Online áruház > friss-elelmiszer > tejtermek-tojas-sajt > joghurtok > joghurt-italok > Danone Actimel Kids zsírszegény eper-banánízű joghurtital B6- és D-vitaminnal 4 x 100 g (400 g),https://auchan.hu/shop/danone-actimel-kids-zsírszegény-eper-banánízű-joghurtital-b6--és-d-vitaminnal-4-x-100-g-(400-g).p-778011,g
632216,Danone Actimel vegyes gyümölcsízű sovány joghurtalapú ital  B6- és D-vitaminnal 4 x 100 g (400 g),799,499,37,Főoldal > Online áruház > friss-elelmiszer > tejtermek-tojas-sajt > joghurtok > joghurt-italok > Danone Actimel vegyes gyümölcsízű sovány joghurtalapú ital  B6- és D-vitaminnal 4 x 100 g (400 g),https://auchan.hu/shop/danone-actimel-vegyes-gyümölcsízű-sovány-joghurtalapú-ital-b6--és-d-vitaminnal-4-x-100-g-(400-g).p-768537,g
5530,Danone Actimel vegyes gyümölcsízű zsírszegény joghurtalapú ital 4 x 100 g (400 g),799,499,37,Főoldal > Online áruház > friss-elelmiszer > tejtermek-tojas-sajt > joghurtok > joghurt-italok > Danone Actimel vegyes gyümölcsízű zsírszegény joghurtalapú ital 4 x 100 g (400 g),https://auchan.hu/shop/danone-actimel-vegyes-gyümölcsízű-zsírszegény-joghurtalapú-ital-4-x-100-g-(400-g).p-290784,g
8998,"Danone Actimel zsírszegény, élőflórás, erdei gyümölcsízű joghurtalapú ital 4 x 100 g (400 g)",799,499,37,"Főoldal > Online áruház > friss-elelmiszer > tejtermek-tojas-sajt > joghurtok > joghurt-italok > Danone Actimel zsírszegény, élőflórás, erdei gyümölcsízű joghurtalapú ital 4 x 100 g (400 g)","https://auchan.hu/shop/danone-actimel-zsírszegény,-élőflórás,-erdei-gyümölcsízű-joghurtalapú-ital-4-x-100-g-(400-g).p-385766",g
750066,Danone Actimel+ áfonya- és feketeszeder ízű joghurtalapú ital 4 x 100 g (400 g),799,499,37,Főoldal > Online áruház > friss-elelmiszer > tejtermek-tojas-sajt > joghurtok > joghurt-italok > Danone Actimel+ áfonya- és feketeszeder ízű joghurtalapú ital 4 x 100 g (400 g),https://auchan.hu/shop/danone-actimel+-áfonya--és-feketeszeder-ízű-joghurtalapú-ital-4-x-100-g-(400-g).p-870921,g
750063,Danone Actimel+ eper- és gránátalmaízű zsírszegény joghurtalapú ital 4 x 100 g (400 g),799,499,37,Főoldal > Online áruház > friss-elelmiszer > tejtermek-tojas-sajt > joghurtok > joghurt-italok > Danone Actimel+ eper- és gránátalmaízű zsírszegény joghurtalapú ital 4 x 100 g (400 g),https://auchan.hu/shop/danone-actimel+-eper--és-gránátalmaízű-zsírszegény-joghurtalapú-ital-4-x-100-g-(400-g).p-870910,g
750069,Danone Actimel+ őszibarack- és maracujaízű zsírszegény joghurtalapú ital 4 x 100 g (400 g),799,499,37,Főoldal > Online áruház > friss-elelmiszer > tejtermek-tojas-sajt > joghurtok > joghurt-italok > Danone Actimel+ őszibarack- és maracujaízű zsírszegény joghurtalapú ital 4 x 100 g (400 g),https://auchan.hu/shop/danone-actimel+-őszibarack--és-maracujaízű-zsírszegény-joghurtalapú-ital-4-x-100-g-(400-g).p-870924,g
425053,"Martontej hazai áfonyás ivójoghurt 0,33 l",,529,,"Főoldal > Online áruház > friss-elelmiszer > tejtermek-tojas-sajt > joghurtok > joghurt-italok > Martontej hazai áfonyás ivójoghurt 0,33 l","https://auchan.hu/shop/martontej-hazai-áfonyás-ivójoghurt-0,33-l.p-344058",l
425059,Martontej Ivójoghurt natúr 330 ml ,,569,,Főoldal > Online áruház > friss-elelmiszer > tejtermek-tojas-sajt > joghurtok > joghurt-italok > Martontej Ivójoghurt natúr 330 ml ,https://auchan.hu/shop/martontej-ivójoghurt-natúr-330-ml.p-344065,ml
586532,"Zott Jogobella zsírszegény joghurtos ital, hozzáadott B6- és D-vitaminokkal 6 x 100 g (600 g)",,599,,"Főoldal > Online áruház > friss-elelmiszer > tejtermek-tojas-sajt > joghurtok > joghurt-italok > Zott Jogobella zsírszegény joghurtos ital, hozzáadott B6- és D-vitaminokkal 6 x 100 g (600 g)","https://auchan.hu/shop/zott-jogobella-zsírszegény-joghurtos-ital,-hozzáadott-b6--és-d-vitaminokkal-6-x-100-g-(600-g).p-675424",g
782696,"Zott Jogobella zsírszegény, joghurtos ital, hozzáadott B6- és D-vitaminokkal 6 x 100 g (600 g)",,599,,"Főoldal > Online áruház > friss-elelmiszer > tejtermek-tojas-sajt > joghurtok > joghurt-italok > Zott Jogobella zsírszegény, joghurtos ital, hozzáadott B6- és D-vitaminokkal 6 x 100 g (600 g)","https://auchan.hu/shop/zott-jogobella-zsírszegény,-joghurtos-ital,-hozzáadott-b6--és-d-vitaminokkal-6-x-100-g-(600-g).p-748897",g
828335,"Parmalat Smoothie almás, banános, kivis zsírszegény savanyú tejkészítmény matcha teával 330 g",,669,,"Főoldal > Online áruház > friss-elelmiszer > tejtermek-tojas-sajt > joghurtok > joghurt-italok > Parmalat Smoothie almás, banános, kivis zsírszegény savanyú tejkészítmény matcha teával 330 g","https://auchan.hu/shop/parmalat-smoothie-almás,-banános,-kivis-zsírszegény-savanyú-tejkészítmény-matcha-teával-330-g.p-953581",g
828338,"Parmalat Smoothie almás, őszibarackos, lime-os zsírszegény savanyú tejkészítmény spirulinával 330 g",,669,,"Főoldal > Online áruház > friss-elelmiszer > tejtermek-tojas-sajt > joghurtok > joghurt-italok > Parmalat Smoothie almás, őszibarackos, lime-os zsírszegény savanyú tejkészítmény spirulinával 330 g","https://auchan.hu/shop/parmalat-smoothie-almás,-őszibarackos,-lime-os-zsírszegény-savanyú-tejkészítmény-spirulinával-330-g.p-953582",g
828341,"Parmalat Smoothie ananászos, banános, narancsos zsírszegény savanyú tejkészítmény kurkumával 330 g",,669,,"Főoldal > Online áruház > friss-elelmiszer > tejtermek-tojas-sajt > joghurtok > joghurt-italok > Parmalat Smoothie ananászos, banános, narancsos zsírszegény savanyú tejkészítmény kurkumával 330 g","https://auchan.hu/shop/parmalat-smoothie-ananászos,-banános,-narancsos-zsírszegény-savanyú-tejkészítmény-kurkumával-330-g.p-953616",g
818945,JOP Probiotikus joghurt ital meggy 280 g,,699,,Főoldal > Online áruház > friss-elelmiszer > tejtermek-tojas-sajt > joghurtok > joghurt-italok > JOP Probiotikus joghurt ital meggy 280 g,https://auchan.hu/shop/jop-probiotikus-joghurt-ital-meggy-280-g.p-931798,g
818942,JOP Probiotikus johurt ital eper-banán 280 g,,699,,Főoldal > Online áruház > friss-elelmiszer > tejtermek-tojas-sajt > joghurtok > joghurt-italok > JOP Probiotikus johurt ital eper-banán 280 g,https://auchan.hu/shop/jop-probiotikus-johurt-ital-eper-banán-280-g.p-931797,g
16720,"Good Milk joghurtital 0,1% eper 500 g ",,709,,"Főoldal > Online áruház > friss-elelmiszer > tejtermek-tojas-sajt > joghurtok > joghurt-italok > Good Milk joghurtital 0,1% eper 500 g ","https://auchan.hu/shop/good-milk-joghurtital-0,1%-eper-500-g.p-545357",g
828371,Danone Danonino zsírszegény banánízű joghurtital kalciummal és D3-vitaminnal 4 x 100 g (400 g),,749,,Főoldal > Online áruház > friss-elelmiszer > tejtermek-tojas-sajt > joghurtok > joghurt-italok > Danone Danonino zsírszegény banánízű joghurtital kalciummal és D3-vitaminnal 4 x 100 g (400 g),https://auchan.hu/shop/danone-danonino-zsírszegény-banánízű-joghurtital-kalciummal-és-d3-vitaminnal-4-x-100-g-(400-g).p-959298,g
828320,Danone Danonino zsírszegény epres joghurtital kalciummal és D3-vitaminnal 4 x 100 g (400 g),,749,,Főoldal > Online áruház > friss-elelmiszer > tejtermek-tojas-sajt > joghurtok > joghurt-italok > Danone Danonino zsírszegény epres joghurtital kalciummal és D3-vitaminnal 4 x 100 g (400 g),https://auchan.hu/shop/danone-danonino-zsírszegény-epres-joghurtital-kalciummal-és-d3-vitaminnal-4-x-100-g-(400-g).p-953453,g
35329,Real Nature erdei gyümölcs zsírszegény joghurt ital 4 x 100 g,,749,,Főoldal > Online áruház > friss-elelmiszer > tejtermek-tojas-sajt > joghurtok > joghurt-italok > Real Nature erdei gyümölcs zsírszegény joghurt ital 4 x 100 g,https://auchan.hu/shop/real-nature-erdei-gyümölcs-zsírszegény-joghurt-ital-4-x-100-g.p-832075,g
35332,Real Nature földieper zsírszegény joghurt ital 4 x 100 g,,749,,Főoldal > Online áruház > friss-elelmiszer > tejtermek-tojas-sajt > joghurtok > joghurt-italok > Real Nature földieper zsírszegény joghurt ital 4 x 100 g,https://auchan.hu/shop/real-nature-földieper-zsírszegény-joghurt-ital-4-x-100-g.p-832076,g
63041,Fasten epres joghurtital 500 g,,789,,Főoldal > Online áruház > friss-elelmiszer > tejtermek-tojas-sajt > joghurtok > joghurt-italok > Fasten epres joghurtital 500 g,https://auchan.hu/shop/fasten-epres-joghurtital-500-g.p-473238,g
191272,Fasten őszibarackos-mangós joghurtital 500 g,,789,,Főoldal > Online áruház > friss-elelmiszer > tejtermek-tojas-sajt > joghurtok > joghurt-italok > Fasten őszibarackos-mangós joghurtital 500 g,https://auchan.hu/shop/fasten-őszibarackos-mangós-joghurtital-500-g.p-214643,g
63044,NÖM Fasten málna joghurtital 500 g,,789,,Főoldal > Online áruház > friss-elelmiszer > tejtermek-tojas-sajt > joghurtok > joghurt-italok > NÖM Fasten málna joghurtital 500 g,https://auchan.hu/shop/nöm-fasten-málna-joghurtital-500-g.p-473240,g
33508,Real Nature eper-banán joghurtital 750 g,,889,,Főoldal > Online áruház > friss-elelmiszer > tejtermek-tojas-sajt > joghurtok > joghurt-italok > Real Nature eper-banán joghurtital 750 g,https://auchan.hu/shop/real-nature-eper-banán-joghurtital-750-g.p-813789,g
33511,Real Nature erdei gyümölcs joghurtital 750 g,,889,,Főoldal > Online áruház > friss-elelmiszer > tejtermek-tojas-sajt > joghurtok > joghurt-italok > Real Nature erdei gyümölcs joghurtital 750 g,https://auchan.hu/shop/real-nature-erdei-gyümölcs-joghurtital-750-g.p-813790,g
148615,Real Nature ProXY meggyes joghurtital 750 g,,889,,Főoldal > Online áruház > friss-elelmiszer > tejtermek-tojas-sajt > joghurtok > joghurt-italok > Real Nature ProXY meggyes joghurtital 750 g,https://auchan.hu/shop/real-nature-proxy-meggyes-joghurtital-750-g.p-135799,g
428641,Real Nature ProXY őszibarack mangó joghurtital 750 g,,889,,Főoldal > Online áruház > friss-elelmiszer > tejtermek-tojas-sajt > joghurtok > joghurt-italok > Real Nature ProXY őszibarack mangó joghurtital 750 g,https://auchan.hu/shop/real-nature-proxy-őszibarack-mangó-joghurtital-750-g.p-347600,g
407163,Fasten joghurtital ananász-kókuszos 500 g,,989,,Főoldal > Online áruház > friss-elelmiszer > tejtermek-tojas-sajt > joghurtok > joghurt-italok > Fasten joghurtital ananász-kókuszos 500 g,https://auchan.hu/shop/fasten-joghurtital-ananász-kókuszos-500-g.p-269139,g
28774,Parmalat zsírszegény epres ivójoghurt 1 kg,,1179,,Főoldal > Online áruház > friss-elelmiszer > tejtermek-tojas-sajt > joghurtok > joghurt-italok > Parmalat zsírszegény epres ivójoghurt 1 kg,https://auchan.hu/shop/parmalat-zsírszegény-epres-ivójoghurt-1-kg.p-77062,kg
4471,Parmalat zsírszegény erdei gyümölcsös ivójoghurt 1 kg,,1179,,Főoldal > Online áruház > friss-elelmiszer > tejtermek-tojas-sajt > joghurtok > joghurt-italok > Parmalat zsírszegény erdei gyümölcsös ivójoghurt 1 kg,https://auchan.hu/shop/parmalat-zsírszegény-erdei-gyümölcsös-ivójoghurt-1-kg.p-258187,kg
1351,Parmalat zsírszegény meggyes ivójoghurt 1 kg,,1179,,Főoldal > Online áruház > friss-elelmiszer > tejtermek-tojas-sajt > joghurtok > joghurt-italok > Parmalat zsírszegény meggyes ivójoghurt 1 kg,https://auchan.hu/shop/parmalat-zsírszegény-meggyes-ivójoghurt-1-kg.p-150292,kg
67028,Parmalat zsírszegény őszibarackos ivójoghurt 1 kg,,1179,,Főoldal > Online áruház > friss-elelmiszer > tejtermek-tojas-sajt > joghurtok > joghurt-italok > Parmalat zsírszegény őszibarackos ivójoghurt 1 kg,https://auchan.hu/shop/parmalat-zsírszegény-őszibarackos-ivójoghurt-1-kg.p-950830,kg
10219,Danone Actimel eperízű zsírszegény joghurtalapú ital B6- és D-vitaminnal 8 x 100 g (800 g),,1399,,Főoldal > Online áruház > friss-elelmiszer > tejtermek-tojas-sajt > joghurtok > joghurt-italok > Danone Actimel eperízű zsírszegény joghurtalapú ital B6- és D-vitaminnal 8 x 100 g (800 g),https://auchan.hu/shop/danone-actimel-eperízű-zsírszegény-joghurtalapú-ital-b6--és-d-vitaminnal-8-x-100-g-(800-g).p-413355,g
507643,Danone Actimel Kids zsírszegény eper-banánízű joghurtital B6- és D-vitaminnal 8 x 100 g (800 g),,1399,,Főoldal > Online áruház > friss-elelmiszer > tejtermek-tojas-sajt > joghurtok > joghurt-italok > Danone Actimel Kids zsírszegény eper-banánízű joghurtital B6- és D-vitaminnal 8 x 100 g (800 g),https://auchan.hu/shop/danone-actimel-kids-zsírszegény-eper-banánízű-joghurtital-b6--és-d-vitaminnal-8-x-100-g-(800-g).p-374950,g
782813,Danone Actimel Kids zsírszegény őszibarackízű joghurtalapú ital kalciummal 8 x 100 g (800 g),,1399,,Főoldal > Online áruház > friss-elelmiszer > tejtermek-tojas-sajt > joghurtok > joghurt-italok > Danone Actimel Kids zsírszegény őszibarackízű joghurtalapú ital kalciummal 8 x 100 g (800 g),https://auchan.hu/shop/danone-actimel-kids-zsírszegény-őszibarackízű-joghurtalapú-ital-kalciummal-8-x-100-g-(800-g).p-828137,g
408018,Danone Actimel vegyes gyümölcsízű zsírszegény joghurtalapú ital  8 x 100 g (800 g),,1399,,Főoldal > Online áruház > friss-elelmiszer > tejtermek-tojas-sajt > joghurtok > joghurt-italok > Danone Actimel vegyes gyümölcsízű zsírszegény joghurtalapú ital  8 x 100 g (800 g),https://auchan.hu/shop/danone-actimel-vegyes-gyümölcsízű-zsírszegény-joghurtalapú-ital-8-x-100-g-(800-g).p-347008,g
28639,"Danone Actimel zsírszegény, élőflórás, erdei gyümölcsízű joghurtalapú ital 8 x 100 g (800 g)",,1399,,"Főoldal > Online áruház > friss-elelmiszer > tejtermek-tojas-sajt > joghurtok > joghurt-italok > Danone Actimel zsírszegény, élőflórás, erdei gyümölcsízű joghurtalapú ital 8 x 100 g (800 g)","https://auchan.hu/shop/danone-actimel-zsírszegény,-élőflórás,-erdei-gyümölcsízű-joghurtalapú-ital-8-x-100-g-(800-g).p-769080",g
755052,Danone Actimel+ áfonya- és feketeszeder ízű joghurtalapú ital 8 x 100 g (800 g),,1399,,Főoldal > Online áruház > friss-elelmiszer > tejtermek-tojas-sajt > joghurtok > joghurt-italok > Danone Actimel+ áfonya- és feketeszeder ízű joghurtalapú ital 8 x 100 g (800 g),https://auchan.hu/shop/danone-actimel+-áfonya--és-feketeszeder-ízű-joghurtalapú-ital-8-x-100-g-(800-g).p-870027,g
640793,Good Milk Active Drink epres zsírszegény joghurtital 8 x 100 g (800 g),,1489,,Főoldal > Online áruház > friss-elelmiszer > tejtermek-tojas-sajt > joghurtok > joghurt-italok > Good Milk Active Drink epres zsírszegény joghurtital 8 x 100 g (800 g),https://auchan.hu/shop/good-milk-active-drink-epres-zsírszegény-joghurtital-8-x-100-g-(800-g).p-769859,g
755049,Danone Actimel+ eper- és gránátalmaízű zsírszegény joghurtalapú ital 8 x 100 g (800 g),,1599,,Főoldal > Online áruház > friss-elelmiszer > tejtermek-tojas-sajt > joghurtok > joghurt-italok > Danone Actimel+ eper- és gránátalmaízű zsírszegény joghurtalapú ital 8 x 100 g (800 g),https://auchan.hu/shop/danone-actimel+-eper--és-gránátalmaízű-zsírszegény-joghurtalapú-ital-8-x-100-g-(800-g).p-870026,g
512772,Auchan Kedvenc natúr joghurt élőflórás homogénezett  3% 175 g,,93,,Főoldal > Online áruház > friss-elelmiszer > tejtermek-tojas-sajt > joghurtok > natur-es-gorog-joghurt > Auchan Kedvenc natúr joghurt élőflórás homogénezett  3% 175 g,https://auchan.hu/shop/auchan-kedvenc-natúr-joghurt-élőflórás-homogénezett-3%-175-g.p-511771,g
660489,"Auchan Tipp natúr joghurt 0,1% 175 g",,93,,"Főoldal > Online áruház > friss-elelmiszer > tejtermek-tojas-sajt > joghurtok > natur-es-gorog-joghurt > Auchan Tipp natúr joghurt 0,1% 175 g","https://auchan.hu/shop/auchan-tipp-natúr-joghurt-0,1%-175-g.p-802373",g
61163,"Nádudvari zsírszegény, élőflórás natúr joghurt 150 g",,105,,"Főoldal > Online áruház > friss-elelmiszer > tejtermek-tojas-sajt > joghurtok > natur-es-gorog-joghurt > Nádudvari zsírszegény, élőflórás natúr joghurt 150 g","https://auchan.hu/shop/nádudvari-zsírszegény,-élőflórás-natúr-joghurt-150-g.p-929375",g
61112,Magyar Joghurt natúr joghurt 140 g,,109,,Főoldal > Online áruház > friss-elelmiszer > tejtermek-tojas-sajt > joghurtok > natur-es-gorog-joghurt > Magyar Joghurt natúr joghurt 140 g,https://auchan.hu/shop/magyar-joghurt-natúr-joghurt-140-g.p-842319,g
208054,Nádudvari élőflórás natúr joghurt 150 g,,125,,Főoldal > Online áruház > friss-elelmiszer > tejtermek-tojas-sajt > joghurtok > natur-es-gorog-joghurt > Nádudvari élőflórás natúr joghurt 150 g,https://auchan.hu/shop/nádudvari-élőflórás-natúr-joghurt-150-g.p-601847,g
61076,Mizo natúr joghurt 150 g,,149,,Főoldal > Online áruház > friss-elelmiszer > tejtermek-tojas-sajt > joghurtok > natur-es-gorog-joghurt > Mizo natúr joghurt 150 g,https://auchan.hu/shop/mizo-natúr-joghurt-150-g.p-368242,g
624397,Magyar Joghurt natúr joghurt 300 g,,207,,Főoldal > Online áruház > friss-elelmiszer > tejtermek-tojas-sajt > joghurtok > natur-es-gorog-joghurt > Magyar Joghurt natúr joghurt 300 g,https://auchan.hu/shop/magyar-joghurt-natúr-joghurt-300-g.p-733700,g
549441,"Nádudvari zsírszegény élőflórás natúr joghurt 1,4% 350 g",,208,,"Főoldal > Online áruház > friss-elelmiszer > tejtermek-tojas-sajt > joghurtok > natur-es-gorog-joghurt > Nádudvari zsírszegény élőflórás natúr joghurt 1,4% 350 g","https://auchan.hu/shop/nádudvari-zsírszegény-élőflórás-natúr-joghurt-1,4%-350-g.p-578716",g
660486,"Auchan Tipp natúr joghurt 0,1% 450 g",,233,,"Főoldal > Online áruház > friss-elelmiszer > tejtermek-tojas-sajt > joghurtok > natur-es-gorog-joghurt > Auchan Tipp natúr joghurt 0,1% 450 g","https://auchan.hu/shop/auchan-tipp-natúr-joghurt-0,1%-450-g.p-802372",g
148507,"Nádudvari natúr, élőflórás krémjoghurt 180 g",,238,,"Főoldal > Online áruház > friss-elelmiszer > tejtermek-tojas-sajt > joghurtok > natur-es-gorog-joghurt > Nádudvari natúr, élőflórás krémjoghurt 180 g","https://auchan.hu/shop/nádudvari-natúr,-élőflórás-krémjoghurt-180-g.p-114576",g
624385,Szultán Ayran frissítő ital joghurttal 250 ml,,238,,Főoldal > Online áruház > friss-elelmiszer > tejtermek-tojas-sajt > joghurtok > natur-es-gorog-joghurt > Szultán Ayran frissítő ital joghurttal 250 ml,https://auchan.hu/shop/szultán-ayran-frissítő-ital-joghurttal-250-ml.p-730719,ml
847451,Tarka görög natúr joghurt 180 g,,240,,Főoldal > Online áruház > friss-elelmiszer > tejtermek-tojas-sajt > joghurtok > natur-es-gorog-joghurt > Tarka görög natúr joghurt 180 g,https://auchan.hu/shop/tarka-görög-natúr-joghurt-180-g.p-965485,g
512775,Auchan Kedvenc Natúr joghurt 3% 450 g,,255,,Főoldal > Online áruház > friss-elelmiszer > tejtermek-tojas-sajt > joghurtok > natur-es-gorog-joghurt > Auchan Kedvenc Natúr joghurt 3% 450 g,https://auchan.hu/shop/auchan-kedvenc-natúr-joghurt-3%-450-g.p-511772,g
198303,Nádudvari élőflórás natúr joghurt 330 g,,259,,Főoldal > Online áruház > friss-elelmiszer > tejtermek-tojas-sajt > joghurtok > natur-es-gorog-joghurt > Nádudvari élőflórás natúr joghurt 330 g,https://auchan.hu/shop/nádudvari-élőflórás-natúr-joghurt-330-g.p-929374,g
782894,Zilda natúr joghurt 250 ml,,279,,Főoldal > Online áruház > friss-elelmiszer > tejtermek-tojas-sajt > joghurtok > natur-es-gorog-joghurt > Zilda natúr joghurt 250 ml,https://auchan.hu/shop/zilda-natúr-joghurt-250-ml.p-851044,ml
13153,Bakoma Greek natúr joghurt 180 g,,280,,Főoldal > Online áruház > friss-elelmiszer > tejtermek-tojas-sajt > joghurtok > natur-es-gorog-joghurt > Bakoma Greek natúr joghurt 180 g,https://auchan.hu/shop/bakoma-greek-natúr-joghurt-180-g.p-480118,g
783029,Auchan Tipp natúr joghurt  4 x 125 g,,287,,Főoldal > Online áruház > friss-elelmiszer > tejtermek-tojas-sajt > joghurtok > natur-es-gorog-joghurt > Auchan Tipp natúr joghurt  4 x 125 g,https://auchan.hu/shop/auchan-tipp-natúr-joghurt-4-x-125-g.p-871799,g
23395,Zott Primo Greek Style élőflórás zsíros natúr joghurt 330 g,,312,,Főoldal > Online áruház > friss-elelmiszer > tejtermek-tojas-sajt > joghurtok > natur-es-gorog-joghurt > Zott Primo Greek Style élőflórás zsíros natúr joghurt 330 g,https://auchan.hu/shop/zott-primo-greek-style-élőflórás-zsíros-natúr-joghurt-330-g.p-703765,g
61124,Auchan Kedvenc Natúr sovány joghurt 0% 4 x 125 g,,336,,Főoldal > Online áruház > friss-elelmiszer > tejtermek-tojas-sajt > joghurtok > natur-es-gorog-joghurt > Auchan Kedvenc Natúr sovány joghurt 0% 4 x 125 g,https://auchan.hu/shop/auchan-kedvenc-natúr-sovány-joghurt-0%-4-x-125-g.p-842392,g
18418,Danone natúr joghurt 375 g,,338,,Főoldal > Online áruház > friss-elelmiszer > tejtermek-tojas-sajt > joghurtok > natur-es-gorog-joghurt > Danone natúr joghurt 375 g,https://auchan.hu/shop/danone-natúr-joghurt-375-g.p-571627,g
750102,Auchan Kedvenc natúr joghurt nádcukorral 4x125 g,,343,,Főoldal > Online áruház > friss-elelmiszer > tejtermek-tojas-sajt > joghurtok > natur-es-gorog-joghurt > Auchan Kedvenc natúr joghurt nádcukorral 4x125 g,https://auchan.hu/shop/auchan-kedvenc-natúr-joghurt-nádcukorral-4x125-g.p-871363,g
409469,Auchan Kedvenc Natúr görög krémjoghurt 10% zsírtartalom 400 g,,350,,Főoldal > Online áruház > friss-elelmiszer > tejtermek-tojas-sajt > joghurtok > natur-es-gorog-joghurt > Auchan Kedvenc Natúr görög krémjoghurt 10% zsírtartalom 400 g,https://auchan.hu/shop/auchan-kedvenc-natúr-görög-krémjoghurt-10%-zsírtartalom-400-g.p-273382,g
790046,"Danone Ayran sós, zsírszegény fermentált tejtermék 320 g",,369,,"Főoldal > Online áruház > friss-elelmiszer > tejtermek-tojas-sajt > joghurtok > natur-es-gorog-joghurt > Danone Ayran sós, zsírszegény fermentált tejtermék 320 g","https://auchan.hu/shop/danone-ayran-sós,-zsírszegény-fermentált-tejtermék-320-g.p-832929",g
61115,Mizo natúr joghurt 330 g,,376,,Főoldal > Online áruház > friss-elelmiszer > tejtermek-tojas-sajt > joghurtok > natur-es-gorog-joghurt > Mizo natúr joghurt 330 g,https://auchan.hu/shop/mizo-natúr-joghurt-330-g.p-842344,g
483167,Cserpes Sajtműhely natúr joghurt élőflórás 250 g,,391,,Főoldal > Online áruház > friss-elelmiszer > tejtermek-tojas-sajt > joghurtok > natur-es-gorog-joghurt > Cserpes Sajtműhely natúr joghurt élőflórás 250 g,https://auchan.hu/shop/cserpes-sajtműhely-natúr-joghurt-élőflórás-250-g.p-400113,g
10216,Danone élőflórás natúr joghurt 130 g,,416,,Főoldal > Online áruház > friss-elelmiszer > tejtermek-tojas-sajt > joghurtok > natur-es-gorog-joghurt > Danone élőflórás natúr joghurt 130 g,https://auchan.hu/shop/danone-élőflórás-natúr-joghurt-130-g.p-413350,g
602858,Bakoma Greek natúr joghurt 400 g,,471,,Főoldal > Online áruház > friss-elelmiszer > tejtermek-tojas-sajt > joghurtok > natur-es-gorog-joghurt > Bakoma Greek natúr joghurt 400 g,https://auchan.hu/shop/bakoma-greek-natúr-joghurt-400-g.p-677226,g
783152,Auchan Kedvenc natúr joghurt 850 g,,507,,Főoldal > Online áruház > friss-elelmiszer > tejtermek-tojas-sajt > joghurtok > natur-es-gorog-joghurt > Auchan Kedvenc natúr joghurt 850 g,https://auchan.hu/shop/auchan-kedvenc-natúr-joghurt-850-g.p-914701,g
16300,"Danone Activia Pille élőflórás, natúr joghurt 4 x 125 g (500 g)",,507,,"Főoldal > Online áruház > friss-elelmiszer > tejtermek-tojas-sajt > joghurtok > natur-es-gorog-joghurt > Danone Activia Pille élőflórás, natúr joghurt 4 x 125 g (500 g)","https://auchan.hu/shop/danone-activia-pille-élőflórás,-natúr-joghurt-4-x-125-g-(500-g).p-538017",g
6484,"Danone Activia élőflórás, krémes natúr joghurt 4 x 125 g",,589,,"Főoldal > Online áruház > friss-elelmiszer > tejtermek-tojas-sajt > joghurtok > natur-es-gorog-joghurt > Danone Activia élőflórás, krémes natúr joghurt 4 x 125 g","https://auchan.hu/shop/danone-activia-élőflórás,-krémes-natúr-joghurt-4-x-125-g.p-318135",g
36976,Auchan Kedvenc Natúr görög joghurt 4 x 150 g,,650,,Főoldal > Online áruház > friss-elelmiszer > tejtermek-tojas-sajt > joghurtok > natur-es-gorog-joghurt > Auchan Kedvenc Natúr görög joghurt 4 x 150 g,https://auchan.hu/shop/auchan-kedvenc-natúr-görög-joghurt-4-x-150-g.p-842381,g
818966,Exquisa Skyr Mild natúr krémsajt 400 g,,719,,Főoldal > Online áruház > friss-elelmiszer > tejtermek-tojas-sajt > joghurtok > natur-es-gorog-joghurt > Exquisa Skyr Mild natúr krémsajt 400 g,https://auchan.hu/shop/exquisa-skyr-mild-natúr-krémsajt-400-g.p-933940,g
624454,Real Nature görög natúr joghurt 4x125 g,,912,,Főoldal > Online áruház > friss-elelmiszer > tejtermek-tojas-sajt > joghurtok > natur-es-gorog-joghurt > Real Nature görög natúr joghurt 4x125 g,https://auchan.hu/shop/real-nature-görög-natúr-joghurt-4x125-g.p-738057,g
103807,Nádudvari natúr élőflórás krémjoghurt 700 g,,1065,,Főoldal > Online áruház > friss-elelmiszer > tejtermek-tojas-sajt > joghurtok > natur-es-gorog-joghurt > Nádudvari natúr élőflórás krémjoghurt 700 g,https://auchan.hu/shop/nádudvari-natúr-élőflórás-krémjoghurt-700-g.p-112880,g
295517,Real Nature 2% görög joghurt 1 kg,,1221,,Főoldal > Online áruház > friss-elelmiszer > tejtermek-tojas-sajt > joghurtok > natur-es-gorog-joghurt > Real Nature 2% görög joghurt 1 kg,https://auchan.hu/shop/real-nature-2%-görög-joghurt-1-kg.p-413270,kg
38506,Real Nature Proxy görög joghurt nádcukorral 1 kg,,1310,,Főoldal > Online áruház > friss-elelmiszer > tejtermek-tojas-sajt > joghurtok > natur-es-gorog-joghurt > Real Nature Proxy görög joghurt nádcukorral 1 kg,https://auchan.hu/shop/real-nature-proxy-görög-joghurt-nádcukorral-1-kg.p-852640,kg
38509,Real Nature Görög joghurt natúr 1 kg,,1413,,Főoldal > Online áruház > friss-elelmiszer > tejtermek-tojas-sajt > joghurtok > natur-es-gorog-joghurt > Real Nature Görög joghurt natúr 1 kg,https://auchan.hu/shop/real-nature-görög-joghurt-natúr-1-kg.p-852641,kg
658,Zott Jogobella élőflórás joghurt 150 g,,157,,Főoldal > Online áruház > friss-elelmiszer > tejtermek-tojas-sajt > joghurtok > gyumolcs-joghurt > Zott Jogobella élőflórás joghurt 150 g,https://auchan.hu/shop/zott-jogobella-élőflórás-joghurt-150-g.p-12226,g
1630,Zott Jogobella élőflórás joghurt 150 g,,157,,Főoldal > Online áruház > friss-elelmiszer > tejtermek-tojas-sajt > joghurtok > gyumolcs-joghurt > Zott Jogobella élőflórás joghurt 150 g,https://auchan.hu/shop/zott-jogobella-élőflórás-joghurt-150-g.p-160342,g
13471,Zott Jogobella élőflórás joghurt 150 g,,157,,Főoldal > Online áruház > friss-elelmiszer > tejtermek-tojas-sajt > joghurtok > gyumolcs-joghurt > Zott Jogobella élőflórás joghurt 150 g,https://auchan.hu/shop/zott-jogobella-élőflórás-joghurt-150-g.p-484915,g
100660,Zott Jogobella élőflórás joghurt 150 g,,157,,Főoldal > Online áruház > friss-elelmiszer > tejtermek-tojas-sajt > joghurtok > gyumolcs-joghurt > Zott Jogobella élőflórás joghurt 150 g,https://auchan.hu/shop/zott-jogobella-élőflórás-joghurt-150-g.p-87829,g
40693,Zott Jogobella Panna Cotta élőflórás joghurt 150 g,,160,,Főoldal > Online áruház > friss-elelmiszer > tejtermek-tojas-sajt > joghurtok > gyumolcs-joghurt > Zott Jogobella Panna Cotta élőflórás joghurt 150 g,https://auchan.hu/shop/zott-jogobella-panna-cotta-élőflórás-joghurt-150-g.p-868893,g
613700,Danone Activia élőflórás áfonyás-fekete ribizlis joghurt 125 g,,167,,Főoldal > Online áruház > friss-elelmiszer > tejtermek-tojas-sajt > joghurtok > gyumolcs-joghurt > Danone Activia élőflórás áfonyás-fekete ribizlis joghurt 125 g,https://auchan.hu/shop/danone-activia-élőflórás-áfonyás-fekete-ribizlis-joghurt-125-g.p-695016,g
614114,Danone Activia élőflórás epres joghurt 125 g,,167,,Főoldal > Online áruház > friss-elelmiszer > tejtermek-tojas-sajt > joghurtok > gyumolcs-joghurt > Danone Activia élőflórás epres joghurt 125 g,https://auchan.hu/shop/danone-activia-élőflórás-epres-joghurt-125-g.p-695018,g
613703,Danone Activia élőflórás meggyes joghurt 125 g,,167,,Főoldal > Online áruház > friss-elelmiszer > tejtermek-tojas-sajt > joghurtok > gyumolcs-joghurt > Danone Activia élőflórás meggyes joghurt 125 g,https://auchan.hu/shop/danone-activia-élőflórás-meggyes-joghurt-125-g.p-695017,g
624445,Danone Activia élőflórás sárgabarackos joghurt 125 g,,167,,Főoldal > Online áruház > friss-elelmiszer > tejtermek-tojas-sajt > joghurtok > gyumolcs-joghurt > Danone Activia élőflórás sárgabarackos joghurt 125 g,https://auchan.hu/shop/danone-activia-élőflórás-sárgabarackos-joghurt-125-g.p-737102,g
613694,Danone Activia élőflórás vegyes gyümölcsös joghurt 125 g,,167,,Főoldal > Online áruház > friss-elelmiszer > tejtermek-tojas-sajt > joghurtok > gyumolcs-joghurt > Danone Activia élőflórás vegyes gyümölcsös joghurt 125 g,https://auchan.hu/shop/danone-activia-élőflórás-vegyes-gyümölcsös-joghurt-125-g.p-695014,g
640736,"Danone Activia epres joghurt élőkultúrával, édesítőszerekkel 125 g",,167,,"Főoldal > Online áruház > friss-elelmiszer > tejtermek-tojas-sajt > joghurtok > gyumolcs-joghurt > Danone Activia epres joghurt élőkultúrával, édesítőszerekkel 125 g","https://auchan.hu/shop/danone-activia-epres-joghurt-élőkultúrával,-édesítőszerekkel-125-g.p-769536",g
640733,"Danone Activia őszibarackos joghurt élőkultúrával, édesítőszerekkel 125 g",,167,,"Főoldal > Online áruház > friss-elelmiszer > tejtermek-tojas-sajt > joghurtok > gyumolcs-joghurt > Danone Activia őszibarackos joghurt élőkultúrával, édesítőszerekkel 125 g","https://auchan.hu/shop/danone-activia-őszibarackos-joghurt-élőkultúrával,-édesítőszerekkel-125-g.p-769535",g
782636,"Be Mooore almás-körtés joghurt napraforgómaggal, préselt búzával, búzakorpával és tökmaggal 150 g",,178,,"Főoldal > Online áruház > friss-elelmiszer > tejtermek-tojas-sajt > joghurtok > gyumolcs-joghurt > Be Mooore almás-körtés joghurt napraforgómaggal, préselt búzával, búzakorpával és tökmaggal 150 g","https://auchan.hu/shop/be-mooore-almás-körtés-joghurt-napraforgómaggal,-préselt-búzával,-búzakorpával-és-tökmaggal-150-g.p-693090",g
818519,"Be Mooore sárgabarackos-őszibarackos joghurt napraforgómaggal, zabbal, quinoával és tökmaggal 150 g",,178,,"Főoldal > Online áruház > friss-elelmiszer > tejtermek-tojas-sajt > joghurtok > gyumolcs-joghurt > Be Mooore sárgabarackos-őszibarackos joghurt napraforgómaggal, zabbal, quinoával és tökmaggal 150 g","https://auchan.hu/shop/be-mooore-sárgabarackos-őszibarackos-joghurt-napraforgómaggal,-zabbal,-quinoával-és-tökmaggal-150-g.p-693098",g
818558,"Zott Monte Snack tejes, tejcsokoládés-mogyorós krémmel töltött sütemény 29 g",,179,,"Főoldal > Online áruház > friss-elelmiszer > tejtermek-tojas-sajt > joghurtok > gyumolcs-joghurt > Zott Monte Snack tejes, tejcsokoládés-mogyorós krémmel töltött sütemény 29 g","https://auchan.hu/shop/zott-monte-snack-tejes,-tejcsokoládés-mogyorós-krémmel-töltött-sütemény-29-g.p-746361",g
602747,Mini Mooore epres joghurt 150 g,,199,,Főoldal > Online áruház > friss-elelmiszer > tejtermek-tojas-sajt > joghurtok > gyumolcs-joghurt > Mini Mooore epres joghurt 150 g,https://auchan.hu/shop/mini-mooore-epres-joghurt-150-g.p-660124,g
602750,Mini Mooore kekszes joghurt 150 g,,199,,Főoldal > Online áruház > friss-elelmiszer > tejtermek-tojas-sajt > joghurtok > gyumolcs-joghurt > Mini Mooore kekszes joghurt 150 g,https://auchan.hu/shop/mini-mooore-kekszes-joghurt-150-g.p-660125,g
602744,Mini Mooore málnás joghurt 150 g,,199,,Főoldal > Online áruház > friss-elelmiszer > tejtermek-tojas-sajt > joghurtok > gyumolcs-joghurt > Mini Mooore málnás joghurt 150 g,https://auchan.hu/shop/mini-mooore-málnás-joghurt-150-g.p-660086,g
782606,Mini Mooore vaníliás ízű joghurt 150 g,,199,,Főoldal > Online áruház > friss-elelmiszer > tejtermek-tojas-sajt > joghurtok > gyumolcs-joghurt > Mini Mooore vaníliás ízű joghurt 150 g,https://auchan.hu/shop/mini-mooore-vaníliás-ízű-joghurt-150-g.p-660126,g
647771,Nádudvari Fitness élőflórás réteges krémjoghurt meggyes-vaníliás 180 g,,199,,Főoldal > Online áruház > friss-elelmiszer > tejtermek-tojas-sajt > joghurtok > gyumolcs-joghurt > Nádudvari Fitness élőflórás réteges krémjoghurt meggyes-vaníliás 180 g,https://auchan.hu/shop/nádudvari-fitness-élőflórás-réteges-krémjoghurt-meggyes-vaníliás-180-g.p-746926,g
647768,"Nádudvari Fitness élőflórás, réteges krémjoghurt erdei gyümölcsökkel 180 g",,199,,"Főoldal > Online áruház > friss-elelmiszer > tejtermek-tojas-sajt > joghurtok > gyumolcs-joghurt > Nádudvari Fitness élőflórás, réteges krémjoghurt erdei gyümölcsökkel 180 g","https://auchan.hu/shop/nádudvari-fitness-élőflórás,-réteges-krémjoghurt-erdei-gyümölcsökkel-180-g.p-746925",g
11401,Zott Szívecske zsírszegény joghurt 315 g,,225,,Főoldal > Online áruház > friss-elelmiszer > tejtermek-tojas-sajt > joghurtok > gyumolcs-joghurt > Zott Szívecske zsírszegény joghurt 315 g,https://auchan.hu/shop/zott-szívecske-zsírszegény-joghurt-315-g.p-441958,g
602960,Danone Danonino élőflórás eper-banánízű joghurt hozzáadott kalciummal és D-vitaminnal 70 g,,248,,Főoldal > Online áruház > friss-elelmiszer > tejtermek-tojas-sajt > joghurtok > gyumolcs-joghurt > Danone Danonino élőflórás eper-banánízű joghurt hozzáadott kalciummal és D-vitaminnal 70 g,https://auchan.hu/shop/danone-danonino-élőflórás-eper-banánízű-joghurt-hozzáadott-kalciummal-és-d-vitaminnal-70-g.p-688426,g
550146,"Danone Oikos Édes Kettes édesített joghurt vaníliaízű, csokoládéval bevont gabonacsillagokkal 102 g",,329,,"Főoldal > Online áruház > friss-elelmiszer > tejtermek-tojas-sajt > joghurtok > gyumolcs-joghurt > Danone Oikos Édes Kettes édesített joghurt vaníliaízű, csokoládéval bevont gabonacsillagokkal 102 g","https://auchan.hu/shop/danone-oikos-édes-kettes-édesített-joghurt-vaníliaízű,-csokoládéval-bevont-gabonacsillagokkal-102-g.p-616015",g
30205,Landliebe édesített joghurt 15% eper vagy cseresznye készítménnyel 150 g,,332,,Főoldal > Online áruház > friss-elelmiszer > tejtermek-tojas-sajt > joghurtok > gyumolcs-joghurt > Landliebe édesített joghurt 15% eper vagy cseresznye készítménnyel 150 g,https://auchan.hu/shop/landliebe-édesített-joghurt-15%-eper-vagy-cseresznye-készítménnyel-150-g.p-785341,g
33547,Landliebe édesített joghurt 15% málna vagy áfonya készítménnyel 150 g,,332,,Főoldal > Online áruház > friss-elelmiszer > tejtermek-tojas-sajt > joghurtok > gyumolcs-joghurt > Landliebe édesített joghurt 15% málna vagy áfonya készítménnyel 150 g,https://auchan.hu/shop/landliebe-édesített-joghurt-15%-málna-vagy-áfonya-készítménnyel-150-g.p-813888,g
531751,Danone Oikos Habdesszert habosított tejtermék áfonyás öntettel 125 g,,349,,Főoldal > Online áruház > friss-elelmiszer > tejtermek-tojas-sajt > joghurtok > gyumolcs-joghurt > Danone Oikos Habdesszert habosított tejtermék áfonyás öntettel 125 g,https://auchan.hu/shop/danone-oikos-habdesszert-habosított-tejtermék-áfonyás-öntettel-125-g.p-545442,g
531748,Danone Oikos Habdesszert habosított tejtermék epres öntettel 125 g,,349,,Főoldal > Online áruház > friss-elelmiszer > tejtermek-tojas-sajt > joghurtok > gyumolcs-joghurt > Danone Oikos Habdesszert habosított tejtermék epres öntettel 125 g,https://auchan.hu/shop/danone-oikos-habdesszert-habosított-tejtermék-epres-öntettel-125-g.p-545255,g
34024,Zott Jogobella élőflórás joghurt 400 g,,363,,Főoldal > Online áruház > friss-elelmiszer > tejtermek-tojas-sajt > joghurtok > gyumolcs-joghurt > Zott Jogobella élőflórás joghurt 400 g,https://auchan.hu/shop/zott-jogobella-élőflórás-joghurt-400-g.p-820744,g
34027,Zott Jogobella élőflórás joghurt 400 g,,363,,Főoldal > Online áruház > friss-elelmiszer > tejtermek-tojas-sajt > joghurtok > gyumolcs-joghurt > Zott Jogobella élőflórás joghurt 400 g,https://auchan.hu/shop/zott-jogobella-élőflórás-joghurt-400-g.p-820745,g
101281,Zott Jogobella élőflórás joghurt 400 g,,363,,Főoldal > Online áruház > friss-elelmiszer > tejtermek-tojas-sajt > joghurtok > gyumolcs-joghurt > Zott Jogobella élőflórás joghurt 400 g,https://auchan.hu/shop/zott-jogobella-élőflórás-joghurt-400-g.p-89794,g
508072,Müller Mix vanília ízesítésű joghurt karamellizált mandulával 130 g,,409,,Főoldal > Online áruház > friss-elelmiszer > tejtermek-tojas-sajt > joghurtok > gyumolcs-joghurt > Müller Mix vanília ízesítésű joghurt karamellizált mandulával 130 g,https://auchan.hu/shop/müller-mix-vanília-ízesítésű-joghurt-karamellizált-mandulával-130-g.p-495867,g
512475,Auchan Kedvenc Citrom ízű Bifidus joghurt 4x125 g,,510,,Főoldal > Online áruház > friss-elelmiszer > tejtermek-tojas-sajt > joghurtok > gyumolcs-joghurt > Auchan Kedvenc Citrom ízű Bifidus joghurt 4x125 g,https://auchan.hu/shop/auchan-kedvenc-citrom-ízű-bifidus-joghurt-4x125-g.p-470392,g
512478,Auchan Kedvenc Kókusz ízű Bifidus joghurt 4x125 g,,510,,Főoldal > Online áruház > friss-elelmiszer > tejtermek-tojas-sajt > joghurtok > gyumolcs-joghurt > Auchan Kedvenc Kókusz ízű Bifidus joghurt 4x125 g,https://auchan.hu/shop/auchan-kedvenc-kókusz-ízű-bifidus-joghurt-4x125-g.p-470393,g
512481,Auchan Kedvenc Vanília ízű Bifidus joghurt 4x125 g,,510,,Főoldal > Online áruház > friss-elelmiszer > tejtermek-tojas-sajt > joghurtok > gyumolcs-joghurt > Auchan Kedvenc Vanília ízű Bifidus joghurt 4x125 g,https://auchan.hu/shop/auchan-kedvenc-vanília-ízű-bifidus-joghurt-4x125-g.p-470394,g
512490,Auchan Kedvenc Gyümölcs joghurt 3 féle mangó/őszibarack/sárgabarack-nektarin 4x125g,,514,,Főoldal > Online áruház > friss-elelmiszer > tejtermek-tojas-sajt > joghurtok > gyumolcs-joghurt > Auchan Kedvenc Gyümölcs joghurt 3 féle mangó/őszibarack/sárgabarack-nektarin 4x125g,https://auchan.hu/shop/auchan-kedvenc-gyümölcs-joghurt-3-féle-mangó/őszibarack/sárgabarack-nektarin-4x125g.p-470397,g
782774,Danone Nap mint Nap élőflórás eperízű zsírszegény joghurt 4 x 110 g,,559,,Főoldal > Online áruház > friss-elelmiszer > tejtermek-tojas-sajt > joghurtok > gyumolcs-joghurt > Danone Nap mint Nap élőflórás eperízű zsírszegény joghurt 4 x 110 g,https://auchan.hu/shop/danone-nap-mint-nap-élőflórás-eperízű-zsírszegény-joghurt-4-x-110-g.p-801277,g
99759,"Danone málnaízű, élőflórás, zsírszegény joghurt 4 x 125 g (500 g)",,599,,"Főoldal > Online áruház > friss-elelmiszer > tejtermek-tojas-sajt > joghurtok > gyumolcs-joghurt > Danone málnaízű, élőflórás, zsírszegény joghurt 4 x 125 g (500 g)","https://auchan.hu/shop/danone-málnaízű,-élőflórás,-zsírszegény-joghurt-4-x-125-g-(500-g).p-86811",g
762849,Activia erdei gyümölcsös joghurt gabonákkal 4x120 g,,647,,Főoldal > Online áruház > friss-elelmiszer > tejtermek-tojas-sajt > joghurtok > gyumolcs-joghurt > Activia erdei gyümölcsös joghurt gabonákkal 4x120 g,https://auchan.hu/shop/activia-erdei-gyümölcsös-joghurt-gabonákkal-4x120-g.p-892692,g
762846,Activia őszibarackos joghurtgabonákkal 4x120 g,,647,,Főoldal > Online áruház > friss-elelmiszer > tejtermek-tojas-sajt > joghurtok > gyumolcs-joghurt > Activia őszibarackos joghurtgabonákkal 4x120 g,https://auchan.hu/shop/activia-őszibarackos-joghurtgabonákkal-4x120-g.p-892682,g
299414,Riska epres krémjoghurt 850 g,,693,,Főoldal > Online áruház > friss-elelmiszer > tejtermek-tojas-sajt > joghurtok > gyumolcs-joghurt > Riska epres krémjoghurt 850 g,https://auchan.hu/shop/riska-epres-krémjoghurt-850-g.p-433175,g
44800,Zott Jogobella élőflórás joghurt 900 g,,772,,Főoldal > Online áruház > friss-elelmiszer > tejtermek-tojas-sajt > joghurtok > gyumolcs-joghurt > Zott Jogobella élőflórás joghurt 900 g,https://auchan.hu/shop/zott-jogobella-élőflórás-joghurt-900-g.p-929742,g
44797,"Zott Jogobella élőflórás, epres joghurt 900 g",,772,,"Főoldal > Online áruház > friss-elelmiszer > tejtermek-tojas-sajt > joghurtok > gyumolcs-joghurt > Zott Jogobella élőflórás, epres joghurt 900 g","https://auchan.hu/shop/zott-jogobella-élőflórás,-epres-joghurt-900-g.p-929741",g
818969,Exquisa Mild Skyr Vanilla 400 g,,786,,Főoldal > Online áruház > friss-elelmiszer > tejtermek-tojas-sajt > joghurtok > gyumolcs-joghurt > Exquisa Mild Skyr Vanilla 400 g,https://auchan.hu/shop/exquisa-mild-skyr-vanilla-400-g.p-933941,g
788996,"Milli Power Bowl zsírszegény eredeti görög krémjoghurt eperrel, ribizlivel 2 x 175 g (350 g)",,848,,"Főoldal > Online áruház > friss-elelmiszer > tejtermek-tojas-sajt > joghurtok > gyumolcs-joghurt > Milli Power Bowl zsírszegény eredeti görög krémjoghurt eperrel, ribizlivel 2 x 175 g (350 g)","https://auchan.hu/shop/milli-power-bowl-zsírszegény-eredeti-görög-krémjoghurt-eperrel,-ribizlivel-2-x-175-g-(350-g).p-868408",g
818774,Milli Power Bowl zsírszegény eredeti görög krémjoghurt őszibarackkal 2 x 175 g (350 g),,848,,Főoldal > Online áruház > friss-elelmiszer > tejtermek-tojas-sajt > joghurtok > gyumolcs-joghurt > Milli Power Bowl zsírszegény eredeti görög krémjoghurt őszibarackkal 2 x 175 g (350 g),https://auchan.hu/shop/milli-power-bowl-zsírszegény-eredeti-görög-krémjoghurt-őszibarackkal-2-x-175-g-(350-g).p-868407,g
788993,Milli Power Bowl zsírszegény eredeti görög krémjoghurt teljes kiőrlésű keksszel 2 x 175 g (350 g),,848,,Főoldal > Online áruház > friss-elelmiszer > tejtermek-tojas-sajt > joghurtok > gyumolcs-joghurt > Milli Power Bowl zsírszegény eredeti görög krémjoghurt teljes kiőrlésű keksszel 2 x 175 g (350 g),https://auchan.hu/shop/milli-power-bowl-zsírszegény-eredeti-görög-krémjoghurt-teljes-kiőrlésű-keksszel-2-x-175-g-(350-g).p-868406,g
554715,Danone Oikos Görög élőflórás áfonyás sajttorta ízű krémjoghurt 4 x 125 g,,849,,Főoldal > Online áruház > friss-elelmiszer > tejtermek-tojas-sajt > joghurtok > gyumolcs-joghurt > Danone Oikos Görög élőflórás áfonyás sajttorta ízű krémjoghurt 4 x 125 g,https://auchan.hu/shop/danone-oikos-görög-élőflórás-áfonyás-sajttorta-ízű-krémjoghurt-4-x-125-g.p-635904,g
783281,Landliebe joghurt barack készítménnyel 500 g,,868,,Főoldal > Online áruház > friss-elelmiszer > tejtermek-tojas-sajt > joghurtok > gyumolcs-joghurt > Landliebe joghurt barack készítménnyel 500 g,https://auchan.hu/shop/landliebe-joghurt-barack-készítménnyel-500-g.p-929729,g
36397,Landliebe joghurt cseresznye készítménnyel 500 g,,869,,Főoldal > Online áruház > friss-elelmiszer > tejtermek-tojas-sajt > joghurtok > gyumolcs-joghurt > Landliebe joghurt cseresznye készítménnyel 500 g,https://auchan.hu/shop/landliebe-joghurt-cseresznye-készítménnyel-500-g.p-840956,g
783044,Landliebe joghurt mák-marcipán készítménnyel 500 g,,869,,Főoldal > Online áruház > friss-elelmiszer > tejtermek-tojas-sajt > joghurtok > gyumolcs-joghurt > Landliebe joghurt mák-marcipán készítménnyel 500 g,https://auchan.hu/shop/landliebe-joghurt-mák-marcipán-készítménnyel-500-g.p-875096,g
36394,Landliebe joghurt zamatos áfonyával 500 g,,869,,Főoldal > Online áruház > friss-elelmiszer > tejtermek-tojas-sajt > joghurtok > gyumolcs-joghurt > Landliebe joghurt zamatos áfonyával 500 g,https://auchan.hu/shop/landliebe-joghurt-zamatos-áfonyával-500-g.p-840955,g
789050,Auchan Kedvenc gyümölcs joghurt eper-szeder-málna- 8x125 g,,989,,Főoldal > Online áruház > friss-elelmiszer > tejtermek-tojas-sajt > joghurtok > gyumolcs-joghurt > Auchan Kedvenc gyümölcs joghurt eper-szeder-málna- 8x125 g,https://auchan.hu/shop/auchan-kedvenc-gyümölcs-joghurt-eper-szeder-málna--8x125-g.p-913754,g
829382,BAILEYS Snack 4x28 g,,1099,,Főoldal > Online áruház > friss-elelmiszer > tejtermek-tojas-sajt > joghurtok > gyumolcs-joghurt > BAILEYS Snack 4x28 g,https://auchan.hu/shop/baileys-snack-4x28-g.p-964885,g
11398,Zott Szívecske zsírszegény joghurt 125 g,,108,,Főoldal > Online áruház > friss-elelmiszer > tejtermek-tojas-sajt > joghurtok > light-gyumolcsjoghurtok > Zott Szívecske zsírszegény joghurt 125 g,https://auchan.hu/shop/zott-szívecske-zsírszegény-joghurt-125-g.p-441955,g
534086,Tarka zsírszegény eperízű élőflórás joghurt 125 g,,142,,Főoldal > Online áruház > friss-elelmiszer > tejtermek-tojas-sajt > joghurtok > light-gyumolcsjoghurtok > Tarka zsírszegény eperízű élőflórás joghurt 125 g,https://auchan.hu/shop/tarka-zsírszegény-eperízű-élőflórás-joghurt-125-g.p-520515,g
534089,Tarka zsírszegény sárgabarackízű élőflórás joghurt 125 g,,142,,Főoldal > Online áruház > friss-elelmiszer > tejtermek-tojas-sajt > joghurtok > light-gyumolcsjoghurtok > Tarka zsírszegény sárgabarackízű élőflórás joghurt 125 g,https://auchan.hu/shop/tarka-zsírszegény-sárgabarackízű-élőflórás-joghurt-125-g.p-520516,g
38017,"Zott Jogobella 0% élőflórás, sovány joghurt édesítőszerekkel 150 g",,157,,"Főoldal > Online áruház > friss-elelmiszer > tejtermek-tojas-sajt > joghurtok > light-gyumolcsjoghurtok > Zott Jogobella 0% élőflórás, sovány joghurt édesítőszerekkel 150 g","https://auchan.hu/shop/zott-jogobella-0%-élőflórás,-sovány-joghurt-édesítőszerekkel-150-g.p-847333",g
1627,Zott Jogobella Light zsírszegény joghurt cukorral és édesítőszerrel 150 g,,157,,Főoldal > Online áruház > friss-elelmiszer > tejtermek-tojas-sajt > joghurtok > light-gyumolcsjoghurtok > Zott Jogobella Light zsírszegény joghurt cukorral és édesítőszerrel 150 g,https://auchan.hu/shop/zott-jogobella-light-zsírszegény-joghurt-cukorral-és-édesítőszerrel-150-g.p-160341,g
468767,Zott Jogobella élőflórás joghurt hozzáadott cukor nélkül 150 g,,160,,Főoldal > Online áruház > friss-elelmiszer > tejtermek-tojas-sajt > joghurtok > light-gyumolcsjoghurtok > Zott Jogobella élőflórás joghurt hozzáadott cukor nélkül 150 g,https://auchan.hu/shop/zott-jogobella-élőflórás-joghurt-hozzáadott-cukor-nélkül-150-g.p-273379,g
782732,"Danone YoPro banános sovány joghurt földimogyoró aromával, édesítőszerekkel 160 g",,317,,"Főoldal > Online áruház > friss-elelmiszer > tejtermek-tojas-sajt > joghurtok > light-gyumolcsjoghurtok > Danone YoPro banános sovány joghurt földimogyoró aromával, édesítőszerekkel 160 g","https://auchan.hu/shop/danone-yopro-banános-sovány-joghurt-földimogyoró-aromával,-édesítőszerekkel-160-g.p-763970",g
782735,"Danone YoPro sovány joghurt áfonyával, édesítőszerekkel, magnéziummal és folsavval 160 g",,317,,"Főoldal > Online áruház > friss-elelmiszer > tejtermek-tojas-sajt > joghurtok > light-gyumolcsjoghurtok > Danone YoPro sovány joghurt áfonyával, édesítőszerekkel, magnéziummal és folsavval 160 g","https://auchan.hu/shop/danone-yopro-sovány-joghurt-áfonyával,-édesítőszerekkel,-magnéziummal-és-folsavval-160-g.p-763971",g
795890,"Danone YoPro sovány joghurt eperrel, édesítőszerekkel 160 g",,395,,"Főoldal > Online áruház > friss-elelmiszer > tejtermek-tojas-sajt > joghurtok > light-gyumolcsjoghurtok > Danone YoPro sovány joghurt eperrel, édesítőszerekkel 160 g","https://auchan.hu/shop/danone-yopro-sovány-joghurt-eperrel,-édesítőszerekkel-160-g.p-932977",g
782729,"Danone YoPro sztracsatellaízű sovány joghurt édesítőszerekkel, magnéziummal és folsavval 160 g",,395,,"Főoldal > Online áruház > friss-elelmiszer > tejtermek-tojas-sajt > joghurtok > light-gyumolcsjoghurtok > Danone YoPro sztracsatellaízű sovány joghurt édesítőszerekkel, magnéziummal és folsavval 160 g","https://auchan.hu/shop/danone-yopro-sztracsatellaízű-sovány-joghurt-édesítőszerekkel,-magnéziummal-és-folsavval-160-g.p-763969",g
720260,Danone Oikos élőflórás epres krémjoghurt 125 g,,146,,Főoldal > Online áruház > friss-elelmiszer > tejtermek-tojas-sajt > joghurtok > izesitett-joghurtok > Danone Oikos élőflórás epres krémjoghurt 125 g,https://auchan.hu/shop/danone-oikos-élőflórás-epres-krémjoghurt-125-g.p-827929,g
719507,Danone Oikos élőflórás meggyes krémjoghurt 125 g,,146,,Főoldal > Online áruház > friss-elelmiszer > tejtermek-tojas-sajt > joghurtok > izesitett-joghurtok > Danone Oikos élőflórás meggyes krémjoghurt 125 g,https://auchan.hu/shop/danone-oikos-élőflórás-meggyes-krémjoghurt-125-g.p-827706,g
66374,Zott Jogobella élőflórás joghurt 150 g,,157,,Főoldal > Online áruház > friss-elelmiszer > tejtermek-tojas-sajt > joghurtok > izesitett-joghurtok > Zott Jogobella élőflórás joghurt 150 g,https://auchan.hu/shop/zott-jogobella-élőflórás-joghurt-150-g.p-929738,g
581308,Danone Oikos Édes Kettes élőflórás édesített joghurt eperszósszal 118 g,,242,,Főoldal > Online áruház > friss-elelmiszer > tejtermek-tojas-sajt > joghurtok > izesitett-joghurtok > Danone Oikos Édes Kettes élőflórás édesített joghurt eperszósszal 118 g,https://auchan.hu/shop/danone-oikos-édes-kettes-élőflórás-édesített-joghurt-eperszósszal-118-g.p-634905,g
581305,Danone Oikos Édes Kettes élőflórás édesített joghurt meggyszósszal 118 g,,242,,Főoldal > Online áruház > friss-elelmiszer > tejtermek-tojas-sajt > joghurtok > izesitett-joghurtok > Danone Oikos Édes Kettes élőflórás édesített joghurt meggyszósszal 118 g,https://auchan.hu/shop/danone-oikos-édes-kettes-élőflórás-édesített-joghurt-meggyszósszal-118-g.p-634904,g
750072,Danone Oikos Édes Kettes élőflórás édesített joghurt piros gyümölcsös szósszal 118 g,,242,,Főoldal > Online áruház > friss-elelmiszer > tejtermek-tojas-sajt > joghurtok > izesitett-joghurtok > Danone Oikos Édes Kettes élőflórás édesített joghurt piros gyümölcsös szósszal 118 g,https://auchan.hu/shop/danone-oikos-édes-kettes-élőflórás-édesített-joghurt-piros-gyümölcsös-szósszal-118-g.p-871009,g
30208,Landliebe őszibarackos-maracujás vagy szeder joghurt 150 g,,332,,Főoldal > Online áruház > friss-elelmiszer > tejtermek-tojas-sajt > joghurtok > izesitett-joghurtok > Landliebe őszibarackos-maracujás vagy szeder joghurt 150 g,https://auchan.hu/shop/landliebe-őszibarackos-maracujás-vagy-szeder-joghurt-150-g.p-785342,g
750075,Danone Oikos Édes Kettes élőflórás édesített joghurt csokoládéval bevont kukoricapelyhekkel 102 g,,339,,Főoldal > Online áruház > friss-elelmiszer > tejtermek-tojas-sajt > joghurtok > izesitett-joghurtok > Danone Oikos Édes Kettes élőflórás édesített joghurt csokoládéval bevont kukoricapelyhekkel 102 g,https://auchan.hu/shop/danone-oikos-édes-kettes-élőflórás-édesített-joghurt-csokoládéval-bevont-kukoricapelyhekkel-102-g.p-871011,g
782738,Danone Oikos Habdesszert habosított tejtermék meggyes öntettel 125 g,,349,,Főoldal > Online áruház > friss-elelmiszer > tejtermek-tojas-sajt > joghurtok > izesitett-joghurtok > Danone Oikos Habdesszert habosított tejtermék meggyes öntettel 125 g,https://auchan.hu/shop/danone-oikos-habdesszert-habosított-tejtermék-meggyes-öntettel-125-g.p-763972,g
100426,Danone banánízű és erdei gyümölcsízű élőflórás zsírszegény joghurt 4 x 125 g (500 g),,599,,Főoldal > Online áruház > friss-elelmiszer > tejtermek-tojas-sajt > joghurtok > izesitett-joghurtok > Danone banánízű és erdei gyümölcsízű élőflórás zsírszegény joghurt 4 x 125 g (500 g),https://auchan.hu/shop/danone-banánízű-és-erdei-gyümölcsízű-élőflórás-zsírszegény-joghurt-4-x-125-g-(500-g).p-86845,g
100480,"Danone citromízű, élőflórás, zsírszegény joghurt 4 x 125 g (500 g)",,599,,"Főoldal > Online áruház > friss-elelmiszer > tejtermek-tojas-sajt > joghurtok > izesitett-joghurtok > Danone citromízű, élőflórás, zsírszegény joghurt 4 x 125 g (500 g)","https://auchan.hu/shop/danone-citromízű,-élőflórás,-zsírszegény-joghurt-4-x-125-g-(500-g).p-87139",g
100429,"Danone eperízű, élőflórás, zsírszegény joghurt 4 x 125 g",,599,,"Főoldal > Online áruház > friss-elelmiszer > tejtermek-tojas-sajt > joghurtok > izesitett-joghurtok > Danone eperízű, élőflórás, zsírszegény joghurt 4 x 125 g","https://auchan.hu/shop/danone-eperízű,-élőflórás,-zsírszegény-joghurt-4-x-125-g.p-86846",g
100432,"Danone meggyízű, élőflórás, zsírszegény joghurt 125 g",,599,,"Főoldal > Online áruház > friss-elelmiszer > tejtermek-tojas-sajt > joghurtok > izesitett-joghurtok > Danone meggyízű, élőflórás, zsírszegény joghurt 125 g","https://auchan.hu/shop/danone-meggyízű,-élőflórás,-zsírszegény-joghurt-125-g.p-86848",g
100435,"Danone sárgabarackízű, élőflórás, zsírszegény joghurt 125 g",,599,,"Főoldal > Online áruház > friss-elelmiszer > tejtermek-tojas-sajt > joghurtok > izesitett-joghurtok > Danone sárgabarackízű, élőflórás, zsírszegény joghurt 125 g","https://auchan.hu/shop/danone-sárgabarackízű,-élőflórás,-zsírszegény-joghurt-125-g.p-86849",g
22297,"Danone Oikos Görög citromos túrótortaízű, élőflórás krémjoghurt 4 x 125 g",,849,,"Főoldal > Online áruház > friss-elelmiszer > tejtermek-tojas-sajt > joghurtok > izesitett-joghurtok > Danone Oikos Görög citromos túrótortaízű, élőflórás krémjoghurt 4 x 125 g","https://auchan.hu/shop/danone-oikos-görög-citromos-túrótortaízű,-élőflórás-krémjoghurt-4-x-125-g.p-688384",g
506856,Danone Oikos Görög élőflórás almás pite ízű krémjoghurt 4 x 125 g,,849,,Főoldal > Online áruház > friss-elelmiszer > tejtermek-tojas-sajt > joghurtok > izesitett-joghurtok > Danone Oikos Görög élőflórás almás pite ízű krémjoghurt 4 x 125 g,https://auchan.hu/shop/danone-oikos-görög-élőflórás-almás-pite-ízű-krémjoghurt-4-x-125-g.p-494614,g
15718,"Danone Oikos Görög kekszízű, élőflórás krémjoghurt 4 x 125 g",,849,,"Főoldal > Online áruház > friss-elelmiszer > tejtermek-tojas-sajt > joghurtok > izesitett-joghurtok > Danone Oikos Görög kekszízű, élőflórás krémjoghurt 4 x 125 g","https://auchan.hu/shop/danone-oikos-görög-kekszízű,-élőflórás-krémjoghurt-4-x-125-g.p-526592",g
15913,Danone Oikos Görög stracciatellaízű élőflórás krémjoghurt 4 x 125 g,,849,,Főoldal > Online áruház > friss-elelmiszer > tejtermek-tojas-sajt > joghurtok > izesitett-joghurtok > Danone Oikos Görög stracciatellaízű élőflórás krémjoghurt 4 x 125 g,https://auchan.hu/shop/danone-oikos-görög-stracciatellaízű-élőflórás-krémjoghurt-4-x-125-g.p-531641,g
534449,Danone Oikos málnás sajttorta ízű krémjoghurt 4 x 125 g,,849,,Főoldal > Online áruház > friss-elelmiszer > tejtermek-tojas-sajt > joghurtok > izesitett-joghurtok > Danone Oikos málnás sajttorta ízű krémjoghurt 4 x 125 g,https://auchan.hu/shop/danone-oikos-málnás-sajttorta-ízű-krémjoghurt-4-x-125-g.p-535828,g
533630,Auchan Kedvenc görög joghurt citrom ízű 4x150 g,,901,,Főoldal > Online áruház > friss-elelmiszer > tejtermek-tojas-sajt > joghurtok > izesitett-joghurtok > Auchan Kedvenc görög joghurt citrom ízű 4x150 g,https://auchan.hu/shop/auchan-kedvenc-görög-joghurt-citrom-ízű-4x150-g.p-470399,g
512493,Auchan Kedvenc Vanília ízű görög joghurt 4x150 g,,907,,Főoldal > Online áruház > friss-elelmiszer > tejtermek-tojas-sajt > joghurtok > izesitett-joghurtok > Auchan Kedvenc Vanília ízű görög joghurt 4x150 g,https://auchan.hu/shop/auchan-kedvenc-vanília-ízű-görög-joghurt-4x150-g.p-470398,g
64949,"Auchan Kedvenc Görög joghurt őszibarack- , körte ízesítésű 4 x 150 g",,1009,,"Főoldal > Online áruház > friss-elelmiszer > tejtermek-tojas-sajt > joghurtok > izesitett-joghurtok > Auchan Kedvenc Görög joghurt őszibarack- , körte ízesítésű 4 x 150 g","https://auchan.hu/shop/auchan-kedvenc-görög-joghurt-őszibarack--,-körte-ízesítésű-4-x-150-g.p-842383",g
64946,"Auchan Kedvenc Görög joghurt szeder-,  málna ízesítésű 4 x 150 g",,1018,,"Főoldal > Online áruház > friss-elelmiszer > tejtermek-tojas-sajt > joghurtok > izesitett-joghurtok > Auchan Kedvenc Görög joghurt szeder-,  málna ízesítésű 4 x 150 g","https://auchan.hu/shop/auchan-kedvenc-görög-joghurt-szeder-,-málna-ízesítésű-4-x-150-g.p-842382",g
625720,"Nádudvari élőflórás, barackos, zsírszegény gyümölcsjoghurt 125 g",,122,,"Főoldal > Online áruház > friss-elelmiszer > tejtermek-tojas-sajt > joghurtok > reteges-gyumolcs-joghurt > Nádudvari élőflórás, barackos, zsírszegény gyümölcsjoghurt 125 g","https://auchan.hu/shop/nádudvari-élőflórás,-barackos,-zsírszegény-gyümölcsjoghurt-125-g.p-748241",g
625717,"Nádudvari élőflórás, epres, zsírszegény gyümölcsjoghurt 125 g",,122,,"Főoldal > Online áruház > friss-elelmiszer > tejtermek-tojas-sajt > joghurtok > reteges-gyumolcs-joghurt > Nádudvari élőflórás, epres, zsírszegény gyümölcsjoghurt 125 g","https://auchan.hu/shop/nádudvari-élőflórás,-epres,-zsírszegény-gyümölcsjoghurt-125-g.p-748240",g
585089,Nádudvari réteges élőflórás krémjoghurt áfonyával 180 g,,199,,Főoldal > Online áruház > friss-elelmiszer > tejtermek-tojas-sajt > joghurtok > reteges-gyumolcs-joghurt > Nádudvari réteges élőflórás krémjoghurt áfonyával 180 g,https://auchan.hu/shop/nádudvari-réteges-élőflórás-krémjoghurt-áfonyával-180-g.p-656803,g
585092,Nádudvari réteges élőflórás krémjoghurt erdei gyümölcsökkel 180 g,,199,,Főoldal > Online áruház > friss-elelmiszer > tejtermek-tojas-sajt > joghurtok > reteges-gyumolcs-joghurt > Nádudvari réteges élőflórás krémjoghurt erdei gyümölcsökkel 180 g,https://auchan.hu/shop/nádudvari-réteges-élőflórás-krémjoghurt-erdei-gyümölcsökkel-180-g.p-656804,g
585086,Nádudvari réteges élőflórás krémjoghurt kajszibarackkal 180 g,,199,,Főoldal > Online áruház > friss-elelmiszer > tejtermek-tojas-sajt > joghurtok > reteges-gyumolcs-joghurt > Nádudvari réteges élőflórás krémjoghurt kajszibarackkal 180 g,https://auchan.hu/shop/nádudvari-réteges-élőflórás-krémjoghurt-kajszibarackkal-180-g.p-656802,g
782888,Zilda epres joghurt 250 ml,,350,,Főoldal > Online áruház > friss-elelmiszer > tejtermek-tojas-sajt > joghurtok > reteges-gyumolcs-joghurt > Zilda epres joghurt 250 ml,https://auchan.hu/shop/zilda-epres-joghurt-250-ml.p-850975,ml
782891,Zilda meggyes joghurt 250 ml,,350,,Főoldal > Online áruház > friss-elelmiszer > tejtermek-tojas-sajt > joghurtok > reteges-gyumolcs-joghurt > Zilda meggyes joghurt 250 ml,https://auchan.hu/shop/zilda-meggyes-joghurt-250-ml.p-851042,ml
783494,Zilda sült almás joghurt 250 ml,,350,,Főoldal > Online áruház > friss-elelmiszer > tejtermek-tojas-sajt > joghurtok > reteges-gyumolcs-joghurt > Zilda sült almás joghurt 250 ml,https://auchan.hu/shop/zilda-sült-almás-joghurt-250-ml.p-851043,ml
96815,Auchan Kedvenc Áfonyás réteges joghurt 200 g,,377,,Főoldal > Online áruház > friss-elelmiszer > tejtermek-tojas-sajt > joghurtok > reteges-gyumolcs-joghurt > Auchan Kedvenc Áfonyás réteges joghurt 200 g,https://auchan.hu/shop/auchan-kedvenc-áfonyás-réteges-joghurt-200-g.p-19868,g
98298,Auchan Kedvenc Almás réteges joghurt 200 g,,377,,Főoldal > Online áruház > friss-elelmiszer > tejtermek-tojas-sajt > joghurtok > reteges-gyumolcs-joghurt > Auchan Kedvenc Almás réteges joghurt 200 g,https://auchan.hu/shop/auchan-kedvenc-almás-réteges-joghurt-200-g.p-19871,g
96819,Auchan Kedvenc Barackos réteges joghurt 200 g,,377,,Főoldal > Online áruház > friss-elelmiszer > tejtermek-tojas-sajt > joghurtok > reteges-gyumolcs-joghurt > Auchan Kedvenc Barackos réteges joghurt 200 g,https://auchan.hu/shop/auchan-kedvenc-barackos-réteges-joghurt-200-g.p-19873,g
98301,Auchan Kedvenc Meggyes réteges joghurt 200 g,,377,,Főoldal > Online áruház > friss-elelmiszer > tejtermek-tojas-sajt > joghurtok > reteges-gyumolcs-joghurt > Auchan Kedvenc Meggyes réteges joghurt 200 g,https://auchan.hu/shop/auchan-kedvenc-meggyes-réteges-joghurt-200-g.p-19872,g
425740,Auchan Kedvenc Szamócás réteges joghurt 200 g,,377,,Főoldal > Online áruház > friss-elelmiszer > tejtermek-tojas-sajt > joghurtok > reteges-gyumolcs-joghurt > Auchan Kedvenc Szamócás réteges joghurt 200 g,https://auchan.hu/shop/auchan-kedvenc-szamócás-réteges-joghurt-200-g.p-375946,g
483176,Cserpes Sajtműhely epres joghurt élőflórás 250 g,,391,,Főoldal > Online áruház > friss-elelmiszer > tejtermek-tojas-sajt > joghurtok > reteges-gyumolcs-joghurt > Cserpes Sajtműhely epres joghurt élőflórás 250 g,https://auchan.hu/shop/cserpes-sajtműhely-epres-joghurt-élőflórás-250-g.p-400116,g
483173,Cserpes Sajtműhely erdei gyümölcsös élőflórás joghurt 250 g,,391,,Főoldal > Online áruház > friss-elelmiszer > tejtermek-tojas-sajt > joghurtok > reteges-gyumolcs-joghurt > Cserpes Sajtműhely erdei gyümölcsös élőflórás joghurt 250 g,https://auchan.hu/shop/cserpes-sajtműhely-erdei-gyümölcsös-élőflórás-joghurt-250-g.p-400115,g
483182,Cserpes Sajtműhely feketeszedres joghurt 250 g,,391,,Főoldal > Online áruház > friss-elelmiszer > tejtermek-tojas-sajt > joghurtok > reteges-gyumolcs-joghurt > Cserpes Sajtműhely feketeszedres joghurt 250 g,https://auchan.hu/shop/cserpes-sajtműhely-feketeszedres-joghurt-250-g.p-400120,g
483179,Cserpes Sajtműhely málnás élőflórás joghurt 250 g,,391,,Főoldal > Online áruház > friss-elelmiszer > tejtermek-tojas-sajt > joghurtok > reteges-gyumolcs-joghurt > Cserpes Sajtműhely málnás élőflórás joghurt 250 g,https://auchan.hu/shop/cserpes-sajtműhely-málnás-élőflórás-joghurt-250-g.p-400117,g
483170,Cserpes Sajtműhely sárgabarackos élőflórás joghurt 250 g,,391,,Főoldal > Online áruház > friss-elelmiszer > tejtermek-tojas-sajt > joghurtok > reteges-gyumolcs-joghurt > Cserpes Sajtműhely sárgabarackos élőflórás joghurt 250 g,https://auchan.hu/shop/cserpes-sajtműhely-sárgabarackos-élőflórás-joghurt-250-g.p-400114,g
673622,Parmalat barackos gyümölcsjoghurt 4 x 125 g ,,465,,Főoldal > Online áruház > friss-elelmiszer > tejtermek-tojas-sajt > joghurtok > reteges-gyumolcs-joghurt > Parmalat barackos gyümölcsjoghurt 4 x 125 g ,https://auchan.hu/shop/parmalat-barackos-gyümölcsjoghurt-4-x-125-g.p-837164,g
673619,Parmalat epres gyümölcsjoghurt 4 x 125 g ,,465,,Főoldal > Online áruház > friss-elelmiszer > tejtermek-tojas-sajt > joghurtok > reteges-gyumolcs-joghurt > Parmalat epres gyümölcsjoghurt 4 x 125 g ,https://auchan.hu/shop/parmalat-epres-gyümölcsjoghurt-4-x-125-g.p-837163,g
