Brand,brand_type,Platform,Post ID/URL,Post Date/Time,User Handle,User Type,Post Text/Caption,Post Type,Media Type,Mentions Type,Hashtags Used,Engagement - Likes,Engagement - Comments,Engagement - Shares/Retweets,Views (Video),Common Keywords,Region,Language,Top Theme Tags,Campaign Tag,Image/Video URL
tesco,,Twitter,https://x.com/Tesco/status/1730557656111222834,2023-12-01T12:01:12.000Z,Tesco,,"If your tree is already up, share your picture here with #BecomeMoreChristmas üì∑üéÑ",,Text,,['BecomeMoreChristmas'],33,146,10,,,,,,,
tesco,,Twitter,https://x.com/Tesco/status/1704406459318931554,2023-09-20T08:05:40.000Z,Tesco,,"Play the Clubcard Prices memory game at https://t.co/N5OihdpgM2 and share your score with #ClubcardAccepted for a chance to win 5,000 Clubcard points. Have you got what it takes? üí™",,Video,,['ClubcardAccepted'],237,88,27,4712204,,,,,,https://video.twimg.com/amplify_video/1704406394697375744/vid/avc1/1080x1080/y3IJZdXuLaYtKWb_.mp4
tesco,,Twitter,https://x.com/Tesco/status/1730548202560963041,2023-12-01T11:23:38.000Z,Tesco,,"December starts today, so we're wondering... what is your favourite time to put the Christmas tree up? ‚òÉÔ∏èüì∑ #BecomeMoreChristmas",,Text,,['BecomeMoreChristmas'],67,437,14,,,,,,,
tesco,,Twitter,https://x.com/Tesco/status/1729855345688777205,2023-11-29T13:30:28.000Z,Tesco,,"Got a little spare you can share this Christmas? Support your community at the Tesco Winter Food Collection.

Your donations will help @FareShareUK and @TrussellTrust to feed people that need support this winter.",,Video,,,83,41,25,131426,,,,,,https://video.twimg.com/amplify_video/1729855239543525378/vid/avc1/1080x1350/AxTzpgd4iQNx_9GB.mp4
tesco,,Twitter,https://x.com/Tesco/status/1704406742304473207,2023-09-20T08:06:48.000Z,Tesco,,"For full Ts&amp;C's, see",,Text,,,7,3,0,,,,,,,
tesco,,Twitter,https://x.com/Tesco/status/1713847250537902352,2023-10-16T09:20:00.000Z,Tesco,,"We're giving away the ultimate bundle of Halloween decorations, ready to transform your doorstep üéÉüö™
 
Comment below with what you love most about Halloween, using #TescoHalloween for your chance to win! üëá

Full Ts&amp;Cs at: https://t.co/e9JSX511H6",,Video,,['TescoHalloween'],621,806,339,82953,,,,,,https://video.twimg.com/amplify_video/1713847185975005184/vid/avc1/1080x1080/IYEM1A91XJ0gbs1Y.mp4
tesco,,Twitter,https://x.com/Tesco/status/1706332026075275594,2023-09-25T15:37:11.000Z,Tesco,,"Wish you could go to the movies as often as you wanted? Enter our Cineworld prize draw and your wish could be granted! Simply redeem a Cineworld Reward Partner code by 3 October for a chance to win 2 Unlimited memberships* üé• üçø 

Find out more at https://t.co/4MHI6nmMXc",,Video,,,18,6,5,21411,,,,,,https://video.twimg.com/amplify_video/1706331961734602752/vid/avc1/1080x1080/S2BEv-IQsezFwbwV.mp4
tesco,,Twitter,https://x.com/Tesco/status/1715371242222432293,2023-10-20T14:15:48.000Z,Tesco,,"Are you Friday night ready? Get all you need to make dinner, delivered from as little as 20 minutes! ü•òüòã

Ts&amp;Cs apply. Find out more at https://t.co/BO0JKWVDxl",,Video,,,26,70,11,39201,,,,,,https://video.twimg.com/amplify_video/1715370611424350208/vid/avc1/1080x1350/k5OueDvVxU9kGbDx.mp4
tesco,,Twitter,https://x.com/Tesco/status/1714944506020171929,2023-10-19T10:00:07.000Z,Tesco,,"Calling all coffee-lovers ‚òïüòç

What time of day is your cut-off for drinking coffee? Do you enjoy an espresso after dinner? Or is it no brew after 12? ‚è≤

Let's hear yours below üëá #NationalCoffeeWeek",,Text,,['NationalCoffeeWeek'],16,39,4,,,,,,,
tesco,,Twitter,https://x.com/Tesco/status/1711321487611687405,2023-10-09T10:03:32.000Z,Tesco,,"For #InternationalBeerAndPizzaDay, we're covering all bases üòÅ

If you had to pick, which gets your vote? üëá",,Text,,['InternationalBeerAndPizzaDay'],11,15,2,,,,,,,
tesco,,Twitter,https://x.com/Tesco/status/1704440129987760634,2023-09-20T10:19:28.000Z,Tesco,,"If you fancy a go at making it yourself, here's our easy recipe! ü•ò",,Text,,,4,5,1,,,,,,,
tesco,,Twitter,https://x.com/Tesco/status/1729863118577451149,2023-11-29T14:01:21.000Z,Tesco,,"To help kick off the Winter Food Collection, we‚Äôll be donating all the items featured on our alternative Christmas tree to charities and community groups in the area with the help of FareShare Hull &amp; Humber.",,Text,,,24,27,4,,,,,,,
tesco,,Twitter,https://x.com/Tesco/status/1711290516967510340,2023-10-09T08:00:28.000Z,Tesco,,"Some gaps are good. Others, not so much. That's why we're taking care of the 20% VAT on our Pro Formula Steps range. So you can enjoy that gappy grin, knowing they're only losing the teeth they should. Tap the link to shop the range https://t.co/JBkUUWJ9Xi.",,Video,,,15,10,5,21091,,,,,,https://video.twimg.com/amplify_video/1711290452438028288/vid/avc1/1080x1080/B5FmIbN9ajvE6dEk.mp4
tesco,,Twitter,https://x.com/Tesco/status/1714672747907813697,2023-10-18T16:00:14.000Z,Tesco,,Both sweet and savoury bakes are winners in our book üèÜ But which is your champion? #NationalBakingWeek,,Text,,['NationalBakingWeek'],7,15,2,,,,,,,
tesco,,Twitter,https://x.com/Tesco/status/1726998788647137420,2023-11-21T16:19:31.000Z,Tesco,,"In celebration of our 3 for 2 beauty event, we‚Äôre giving you the chance to win a bundle of beauty products worth over ¬£1,000! üíÑüéÅ

To enter, tag a friend on this post using #BecomeMoreChristmas. Good luck!‚ú®

Full Ts&amp;Cs at: https://t.co/SX2Hejvds1",,Video,,['BecomeMoreChristmas'],1655,2290,910,144922,,,,,,https://video.twimg.com/amplify_video/1726998661555462144/vid/avc1/1080x1080/C8_FOgBsbIV7i0JU.mp4
tesco,,Twitter,https://x.com/Tesco/status/1712770180160295090,2023-10-13T10:00:07.000Z,Tesco,,"Let's crack open some puns for #WorldEggDay üç≥

Change one word in a movie title to something egg related üòÇüëá",,Text,,['WorldEggDay'],16,43,9,,,,,,,
tesco,,Twitter,https://x.com/Tesco/status/1705522413234991428,2023-09-23T10:00:05.000Z,Tesco,,"Let's settle an age old debate for #NationalBaconButtyDay üòâ

On the classic bacon butty, what is the ultimate sauce? Ketchup... brown sauce? üëÄ",,Text,,['NationalBaconButtyDay'],29,66,3,,,,,,,
tesco,,Twitter,https://x.com/Tesco/status/1726557543932260495,2023-11-20T11:06:11.000Z,Tesco,,39% of you say mince pies help you #BecomeMoreChristmas! üéÖ Are mince pies your first taste of Christmas... or perhaps something else takes the crown!,,Text,,['BecomeMoreChristmas'],25,24,4,,,,,,,
tesco,,Twitter,https://x.com/Tesco/status/1729511454334713886,2023-11-28T14:43:58.000Z,Tesco,,"*https://t.co/LOvB2ljWol. 18+. Bailey's Original Irish Cream Liquer Bottle 1L: Clubcard Price ¬£10/litre, regular price ¬£22/litre, ends 11/12. Available in the majority of larger stores and online. Excludes Express and Whoosh. Clubcard/app required. Delivery charges and some exclusions may apply.",,Text,,,13,16,3,,,,,,,
tesco,,Twitter,https://x.com/Tesco/status/1723264345092567226,2023-11-11T09:00:11.000Z,Tesco,,"As we remember the sacrifices made by our Armed Forces, please join us for the national two-minute silence today at 11am, to mark Armistice Day and tomorrow at 11am for Remembrance Sunday.

Thank you to our Armed Forces for your service, from all of us at Tesco.",,Text,,,136,14,16,,,,,,,
tesco,,Twitter,https://x.com/Tesco/status/1722207370976313566,2023-11-08T11:00:08.000Z,Tesco,,"Calling all coffee enthusiasts! Have you ever tried creating a masterpiece on top of your cappuccino? üé®

Share your best #latteart creations or tag someone who is a pro at it! ‚òïÔ∏è #CappuccinoDay",,Text,,"['latteart', 'CappuccinoDay']",13,24,4,,,,,,,
tesco,,Twitter,https://x.com/Tesco/status/1709278401620513176,2023-10-03T18:45:02.000Z,Tesco,,"You've been given your own baking competition! üç∞üßÅü•ß 

Who are your dream picks for the judges? üòÅ",,Text,,,13,10,1,,,,,,,
tesco,,Twitter,https://x.com/Tesco/status/1704149824503677327,2023-09-19T15:05:54.000Z,Tesco,,,,Text,,,5,8,0,,,,,,,
tesco,,Twitter,https://x.com/Tesco/status/1724043201168740543,2023-11-13T12:35:04.000Z,Tesco,,Happy #ChickenNuggetDay! Let's settle the debate once and for all: To dip or not to dip? ü§îüçó,,Text,,['ChickenNuggetDay'],17,31,5,,,,,,,
tesco,,Twitter,https://x.com/Tesco/status/1708845495760597162,2023-10-02T14:04:49.000Z,Tesco,,"In honour of #NationalCurryWeek, let's settle it! Which rice dish is nice for the spice? üçö",,Text,,['NationalCurryWeek'],19,18,1,,,,,,,
tesco,,Twitter,https://x.com/Tesco/status/1704148596990357840,2023-09-19T15:01:01.000Z,Tesco,,"Be in with a chance of winning ¬£5,000 for a local charity or good cause which provides activities or healthy food to young people &amp; ¬£500 for you. Reply with the organisations name, a difference ¬£5,000 would make, with #StrongerStarts &amp; follow @Tesco. Ts&amp;Cs https://t.co/VZY5DFWumC",,Video,,['StrongerStarts'],31,26,16,17963,,,,,,https://video.twimg.com/amplify_video/1704148511443333120/vid/avc1/1080x1080/uQC_XpoR0uQxAwwg.mp4
tesco,,Twitter,https://x.com/Tesco/status/1708421510531096746,2023-10-01T10:00:03.000Z,Tesco,,"You can only drink one coffee for the rest of your life! ‚òï 

Which is it going to be? Are you a macchiato maestro? Latte lover? üòÅ 

#InternationalCoffeeDay",,Text,,['InternationalCoffeeDay'],19,24,1,,,,,,,
tesco,,Twitter,https://x.com/Tesco/status/1721875330158256611,2023-11-07T13:00:44.000Z,Tesco,,Better Baskets is our way of helping you fill your basket with better choices. Discover our collection of deliciously balanced @DiabetesUK  - approved recipes at https://t.co/ED6U2dEIqR #BetterBaskets,,Video,,['BetterBaskets'],20,23,8,29307,,,,,,https://video.twimg.com/amplify_video/1721875265486258176/vid/avc1/1080x1080/DbvO4W3NU7Xie3Qh.mp4
tesco,,Twitter,https://x.com/Tesco/status/1704058347241054276,2023-09-19T09:02:24.000Z,Tesco,,To find out more visit https://t.co/zSFs3qgVmG  #EveryLittleHelps,,Text,,['EveryLittleHelps'],5,4,1,,,,,,,
tesco,,Twitter,https://x.com/Tesco/status/1700147799013159199,2023-09-08T14:03:17.000Z,Tesco,,Tesco-exclusive Confetti Celebration doughnut is only available in selected stores.,,Text,,,17,2,1,,,,,,,
tesco,,Twitter,https://x.com/Tesco/status/1699722671628378437,2023-09-07T09:53:58.000Z,Tesco,,Salami! How does it shine best? üòÅ #WorldSalamiDay,,Text,,['WorldSalamiDay'],9,13,1,,,,,,,
tesco,,Twitter,https://x.com/Tesco/status/1703779098026266982,2023-09-18T14:32:46.000Z,Tesco,,"Golden Grants are back! This Saturday between 12-1pm, you could find a golden token in over 100 stores as part of Tesco Stronger Starts initiative, that's a ¬£5,000 golden grant to fund healthy food and activities to help a children‚Äôs group thrive in your area.",,Video,,,18,6,7,18367,,,,,,https://video.twimg.com/amplify_video/1703778425595445248/vid/avc1/1080x1080/ktTGDkc7bMFwJ5Uj.mp4
tesco,,Twitter,https://x.com/Tesco/status/1699361835336577069,2023-09-06T10:00:08.000Z,Tesco,,"We had to get a slice of the action for this year's #CakeWeek! üç∞

So here's a question... is it acceptable to eat cake for breakfast? üçΩÔ∏è",,Text,,['CakeWeek'],17,18,3,,,,,,,
tesco,,Twitter,https://x.com/Tesco/status/1699086301473939714,2023-09-05T15:45:16.000Z,Tesco,,"A big thank you to our Tesco colleagues across Nottinghamshire, who worked their magic transforming homes for the homeless. This year, they‚Äôve raised more than ¬£10k for Framework Housing Association to buy equipment for new purpose-built flats, helping to rebuild lives. ‚ù§Ô∏è",,Text,,,30,5,4,,,,,,,
tesco,,Twitter,https://x.com/Tesco/status/1702699355067523531,2023-09-15T15:02:15.000Z,Tesco,,"We're supporting the British Red Cross Disaster Fund to provide financial aid to countries impacted by crisis situations, like those affected by the disasters in Morocco and Libya. If you can help, please donate. For T&amp;Cs and more go to https://t.co/yfp4NP7XFb",,Video,,,20,6,11,14420,,,,,,https://video.twimg.com/amplify_video/1702699206769610752/vid/avc1/1080x1080/yuWc7Z_Tc_PUhFFi.mp4
tesco,,Twitter,https://x.com/Tesco/status/1702993371537555709,2023-09-16T10:30:34.000Z,Tesco,,"Ts&amp;Cs: 18+ Drinkaware 25% off 3 bottles of Finest wine offer excludes Finest Meal Deal wines, fortified wine, bottles under 200ml. Max. 36 bottles. Excludes Scotland. While stocks last. Clubcard/app required. Delivery charges may apply. Ends 18/09/23.",,Text,,,2,3,0,,,,,,,
tesco,,Twitter,https://x.com/Tesco/status/1701524800437366971,2023-09-12T09:14:59.000Z,Tesco,,"Don't miss out on 3 months of Disney+ for just ¬£3-worth of Clubcard vouchers, with the biggest and most generous Reward Partner scheme. üçøüì∫

Find out more at: https://t.co/d6EkWW7xY2",,Video,,,6,17,0,22775,,,,,,https://video.twimg.com/amplify_video/1701524714051530752/vid/avc1/1080x1920/lu94vmNjQ6ayA-Ud.mp4
tesco,,Twitter,https://x.com/Tesco/status/1703709483950592008,2023-09-18T09:56:09.000Z,Tesco,,We're curious! Do you measure your ingredients when cooking? Or do just wing it? ü¶Ö,,Text,,,11,15,2,,,,,,,
tesco,,Twitter,https://x.com/Tesco/status/1701182821023220109,2023-09-11T10:36:05.000Z,Tesco,,FREE winter flu jabs! From September 11th Tesco pharmacies are offering free flu jabs to over 65s and other eligible groups. We're offering flexible appointment slots whilst you shop - helping to keep you and your families healthy and safe. Book now at: https://t.co/u7pxg3iTBO,,Text,,,16,14,4,,,,,,,
tesco,,Twitter,https://x.com/Tesco/status/1711691651960148354,2023-10-10T10:34:26.000Z,Tesco,,A breakfast classic has its own day! What's the topping that makes your porridge jussssst right? üêª #WorldPorridgeDay,,Text,,['WorldPorridgeDay'],13,25,7,,,,,,,
tesco,,Twitter,https://x.com/Tesco/status/1700139523718381632,2023-09-08T13:30:24.000Z,Tesco,,"Krispy Kreme are celebrating 20 doughlicious years! To mark this special occasion, we‚Äôve got 20 boxes crammed with Krispy Kremes up for grabs. 

Just tag a friend who you think deserves celebrating and you could win a box to share with them.

T&amp;Cs: https://t.co/YQjV184qpI",,Video,,,877,1217,526,56938,,,,,,https://video.twimg.com/amplify_video/1700139449022070784/vid/avc1/1080x1350/Y69MB63gNhddtvLg.mp4
tesco,,Twitter,https://x.com/Tesco/status/1698987689503035496,2023-09-05T09:13:25.000Z,Tesco,,"Shopping for those last minute school essentials? Tesco Travel Money could help turn those unspent Dollars, Euros and more into Pounds. Tap the link to find out more. https://t.co/dxaiTYn6EJ
#BacktoSchool #TravelMoney",,Video,,,0,0,1,,,,,,,https://video.twimg.com/ext_tw_video/1698985824077942784/pu/vid/720x720/bzPpMWNaJ1ZikHCT.mp4
tesco,,Twitter,https://x.com/Tesco/status/1703779249331536098,2023-09-18T14:33:22.000Z,Tesco,,To find out more visit https://t.co/zSFs3qgVmG  #EveryLittleHelps,,Text,,['EveryLittleHelps'],2,2,0,,,,,,,
tesco,,Twitter,https://x.com/Tesco/status/1709516237007393143,2023-10-04T10:30:06.000Z,Tesco,,"A big thank you to our Tesco Middlesbrough Distribution Centre colleagues, who kindly donated toys to the Teesside Charity Foundation, helping families in need locally. Well done to everyone who donated. üëè #EveryLittleHelps",,Text,,['EveryLittleHelps'],31,16,4,,,,,,,
tesco,,Twitter,https://x.com/Tesco/status/1714636267126739016,2023-10-18T13:35:17.000Z,Tesco,,"At Tesco,we celebrate diversity &amp; support inclusion with our Black Action Plan. We‚Äôre also donating to The Black Fund-a growing charity who work to support &amp; shape the lives of the Black community in the UK. Together,we can build awareness and make a difference #BlackHistoryMonth",,Video,,['BlackHistoryMonth'],22,0,9,31559,,,,,,https://video.twimg.com/amplify_video/1714636202387628032/vid/avc1/1080x1080/4MNPXq8bGCYRy5Tq.mp4
tesco,,Twitter,https://x.com/Tesco/status/1706649825544966539,2023-09-26T12:40:01.000Z,Tesco,,"It's #WorldDumplingDay! ü•ü

Dumplings can take many forms but what's the one you can't live without? üòÅ",,Text,,['WorldDumplingDay'],19,24,2,,,,,,,
tesco,,Twitter,https://x.com/Tesco/status/1730157337850130785,2023-11-30T09:30:28.000Z,Tesco,,Got a little spare you can share this Christmas? Donate at the Tesco Winter Food Collection and support food banks and charities helping people in your community.,,Video,,,75,135,31,282050,,,,,,https://video.twimg.com/amplify_video/1730157231562162176/vid/avc1/1080x1350/dVhiwEFommZfRz4f.mp4
tesco,,Twitter,https://x.com/Tesco/status/1704440127974412294,2023-09-20T10:19:28.000Z,Tesco,,"A Spanish classic! It's #WorldPaellaDay ü•ò

Have you ever tried making it yourself?",,Text,,['WorldPaellaDay'],10,12,2,,,,,,,
tesco,,Twitter,https://x.com/Tesco/status/1704095527896285214,2023-09-19T11:30:09.000Z,Tesco,,"A huge thanks to the volunteers who took part on a BBC DIY SOS project in Wallsend. 14 Tesco technicians helped to create a performing arts school for disadvantaged children and adults. They gave over 300 Tesco hours, plus 30 hours of their personal time, to the project!",,Text,,,34,5,11,,,,,,,
tesco,,Twitter,https://x.com/Tesco/status/1699495211078991901,2023-09-06T18:50:08.000Z,Tesco,,2024: @brunoog97 vs @kierantierney1 Tesco shopping haul? ü§ù,,Text,,,24,4,0,,,,,,,
sainsburys,,Twitter,https://x.com/sainsburys/status/1473609271329931272,2021-12-22T11:00:03.000Z,sainsburys,,"Reminder: We are closing all Sainsbury‚Äôs and Argos stores on #BoxingDay this year to give colleagues an extra day to spend with friends and family.

Thank you in advance for your understanding, which means our store colleagues will have an extra day off this Christmas. üß°",,Text,,['BoxingDay'],986,87,50,,,,,,,
sainsburys,,Twitter,https://x.com/sainsburys/status/1231984450872971269,2020-02-24T16:49:16.000Z,sainsburys,,@zikithb Who said that? Karen,,Text,,,921,2,7,,,,,,,
sainsburys,,Twitter,https://x.com/sainsburys/status/1300717115926867969,2020-09-01T08:48:21.000Z,sainsburys,,"Sainsbury‚Äôs believes that no child should go hungry. We are proud to join the Child Poverty Task Force and wholeheartedly support the expansion of free school meals, increasing the value of healthy start vouchers and expanding holiday provision for children on free school meals",,Video,,,1164,21,100,,,,,,,https://video.twimg.com/amplify_video/1300717048901885954/vid/1280x720/ObyJXTXr2CZxclqC.mp4
sainsburys,,Twitter,https://x.com/sainsburys/status/1312857382792441859,2020-10-04T20:49:26.000Z,sainsburys,,"@LozzaFox The ‚Äòsafe spaces‚Äô we created in response to the Black Lives Matter movement were online support groups that helped our black colleagues come together, share their experiences and support one another.",,Text,,,818,130,29,,,,,,,
sainsburys,,Twitter,https://x.com/sainsburys/status/1218219933005422592,2020-01-17T17:14:00.000Z,sainsburys,,Repping since 1869 üòâ #sainsburys,,Text,,['sainsburys'],14798,416,3104,,,,,,,
sainsburys,,Twitter,https://x.com/sainsburys/status/1242060238347554818,2020-03-23T12:06:51.000Z,sainsburys,,Our website and customer service teams are very busy today helping elderly and vulnerable customers get access to home delivery slots. Please do keep trying ‚Äì we‚Äôre working as quickly as we can to get to everyone.,,Text,,,966,2100,98,,,,,,,
sainsburys,,Twitter,https://x.com/sainsburys/status/1359186724971241472,2021-02-09T17:05:42.000Z,sainsburys,,@HeinzUK @weetabix Read the breakfast standing orders. READ THEM AND UNDERSTAND THEM!,,Text,,,6745,40,305,,,,,,,
sainsburys,,Twitter,https://x.com/sainsburys/status/1328026072772997122,2020-11-15T17:24:23.000Z,sainsburys,,"@johnswansonlong At Sainsbury's, we want to be the most inclusive retailer. That's why, throughout all our advertising we aim to represent a modern Britain, which has a diverse range of communities. We have three stories of three different families in our advertising. Abbie",,Text,,,2545,26,56,,,,,,,
sainsburys,,Twitter,https://x.com/sainsburys/status/1312036111296929798,2020-10-02T14:26:00.000Z,sainsburys,,"@Aston365 ...events that promote and celebrate all strands of diversity such as Pride, Mental Health Awareness Day, International Women‚Äôs Day and more. In doing so, we are celebrating all of our colleagues and customers. Fraser 2/2",,Text,,,821,58,20,,,,,,,
sainsburys,,Twitter,https://x.com/sainsburys/status/1272805869936353280,2020-06-16T08:19:01.000Z,sainsburys,,"A special day for our colleagues who have just become dads. Happy Father‚Äôs Day to every dad this Sunday, you‚Äôre doing great!",,Video,,,1719,66,70,,,,,,,https://video.twimg.com/amplify_video/1272805815091638272/vid/720x900/gsF01ajL3UgUB0JP.mp4
sainsburys,,Twitter,https://x.com/sainsburys/status/1412458119746162690,2021-07-06T17:07:12.000Z,sainsburys,,@Tesco Itsainsbury's Coming Home?,,Text,,,1089,17,56,,,,,,,
sainsburys,,Twitter,https://x.com/sainsburys/status/1222383828330852352,2020-01-29T04:59:50.000Z,sainsburys,,Just a few of the things we‚Äôre doing to be net zero by 2040 üåè,,Video,,,872,133,102,,,,,,,https://video.twimg.com/ext_tw_video/1222383787650224129/pu/vid/720x720/1AQlXCxMQXLAKj-s.mp4
sainsburys,,Twitter,https://x.com/sainsburys/status/1377516063479463936,2021-04-01T06:59:57.000Z,sainsburys,,"To the people who think coriander tastes like soap üó£Ô∏è WE HEAR YOU.
Introducing the Free From Coriander Range. ü§© 
You‚Äôre welcome.",,Text,,,1007,87,65,,,,,,,
sainsburys,,Twitter,https://x.com/sainsburys/status/1327655586436091906,2020-11-14T16:52:13.000Z,sainsburys,,"@wotuupto Hi Rose. Over the last few years we've always taken a different direction with our Christmas ad, and everyone will have their favourite. Of course this has been a year like no other, and we wanted to reflect this in our advertising. Nick",,Text,,,944,34,3,,,,,,,
sainsburys,,Twitter,https://x.com/sainsburys/status/1286275914926632961,2020-07-23T12:24:10.000Z,sainsburys,,@ImmuneSuper We won‚Äôt be challenging customers without a mask when they enter or when they are in store since they may have a reason not to wear a mask. Karen,,Text,,,4158,2115,832,,,,,,,
sainsburys,,Twitter,https://x.com/sainsburys/status/1241691415593222145,2020-03-22T11:41:17.000Z,sainsburys,,"We are prioritising elderly and vulnerable customers for online delivery slots. If you consider yourself to be vulnerable and do not receive an email from us today, please visit our Groceries Online website tomorrow (Monday) for information on how to contact us.",,Text,,,810,1625,192,,,,,,,
sainsburys,,Twitter,https://x.com/sainsburys/status/1332418055683575818,2020-11-27T20:16:34.000Z,sainsburys,,"Our Christmas ads are about putting food and family at the heart of Christmas. Sadly a small but vocal minority shared racist views.

Tonight we are taking a #StandAgainstRacism with @Channel4 @AldiUK @asda @coopuk @IcelandFoods @LidlGB @waitrose @marksandspencer @Tesco",,Text,,['StandAgainstRacism'],4570,267,686,,,,,,,
sainsburys,,Twitter,https://x.com/sainsburys/status/1327666636858548224,2020-11-14T17:36:07.000Z,sainsburys,,"@AbstardJohnny At Sainsbury's, we want to be the most inclusive retailer. That's why, throughout all our advertising we aim to represent a modern Britain, which has a diverse range of communities. We have three stories of three different families in our advertising. Nick",,Text,,,1094,20,18,,,,,,,
sainsburys,,Twitter,https://x.com/sainsburys/status/1311672756010917889,2020-10-01T14:22:09.000Z,sainsburys,,,,Text,,,24890,4641,3611,,,,,,,
sainsburys,,Twitter,https://x.com/sainsburys/status/1218227759295627265,2020-01-17T17:45:06.000Z,sainsburys,,@aldersonjackson Who needs Beyonce. Sainsbury's original and the best. Karen,,Text,,,702,68,83,,,,,,,
sainsburys,,Twitter,https://x.com/sainsburys/status/1286643599313113093,2020-07-24T12:45:13.000Z,sainsburys,,Please wear a face covering when shopping in our stores in England and Scotland. Help stop the spread.,,Video,,,1617,673,375,,,,,,,https://video.twimg.com/amplify_video/1286643568430415873/vid/720x720/zo3iDOfngPgqzcP8.mp4
sainsburys,,Twitter,https://x.com/sainsburys/status/1412003135095246852,2021-07-05T10:59:15.000Z,sainsburys,,"We're one step closer to renaming our Bath Southgate store if England win Euro 2020! Let‚Äôs go lads üëèüè¥Û†ÅßÛ†Å¢Û†Å•Û†ÅÆÛ†ÅßÛ†Åø

#ItsComingHome",,Text,,['ItsComingHome'],1395,84,139,,,,,,,
sainsburys,,Twitter,https://x.com/sainsburys/status/1328231341058629633,2020-11-16T07:00:03.000Z,sainsburys,,"Turkey carvers ready! The second of our three Christmas ads is here üçóüè† üåü Food is Home. Home is Christmas.

Sound on for all the festive feels üîä #SainsburysXmas",,Video,,['SainsburysXmas'],1994,328,94,,,,,,,https://video.twimg.com/amplify_video/1328231266915917825/vid/720x720/3bnmBg1U2TYfgtrn.mp4
sainsburys,,Twitter,https://x.com/sainsburys/status/1417126145263345668,2021-07-19T14:16:16.000Z,sainsburys,,"From today, wearing a face covering is now a personal choice in England. 

For the safety of our colleagues and customers, please continue to wear a face covering if you can.

Thanks for your continued support and understanding.
For more info , click here: https://t.co/73RdoLlKwc",,Text,,,3862,1281,386,,,,,,,
sainsburys,,Twitter,https://x.com/sainsburys/status/1197122381950734336,2019-11-20T11:59:51.000Z,sainsburys,,"Not all heroes wear capes, Lilac wears sparkles ‚ú®‚ú® Watch one of our youngest customers @LegsLilacs strutting down her very own festive catwalk üíÉüéÑ",,Video,,,1211,57,231,,,,,,,https://video.twimg.com/ext_tw_video/1197122303974350851/pu/vid/720x720/Uct-HgAlJplaClEw.mp4
sainsburys,,Twitter,https://x.com/sainsburys/status/1328027300563214340,2020-11-15T17:29:16.000Z,sainsburys,,"@bevs90 Thanks, Bevz! At Sainsbury's, we want to be the most inclusive retailer. That's why, throughout all our advertising we aim to represent a modern Britain, which has a diverse range of communities. We have three stories of three different families in our advertising. Abbie",,Text,,,5498,24,87,,,,,,,
sainsburys,,Twitter,https://x.com/sainsburys/status/1311594690664374277,2020-10-01T09:11:57.000Z,sainsburys,,"We are Celebrating Black History Month this October.
For more information visit https://t.co/8MJscmXH26 
#blackhistorymonth",,Text,,['blackhistorymonth'],807,230,82,,,,,,,
sainsburys,,Twitter,https://x.com/sainsburys/status/1327605285788274692,2020-11-14T13:32:20.000Z,sainsburys,,"@NoShariaHere18 At Sainsbury's, we want to be the most inclusive retailer. That's why, throughout all our advertising we aim to represent a modern Britain, which has a diverse range of communities. We have three stories of three different families in our advertising. Chris",,Text,,,9463,133,240,,,,,,,
sainsburys,,Twitter,https://x.com/sainsburys/status/1427163241898196993,2021-08-16T07:00:06.000Z,sainsburys,,Heroes cards are coming back to Sainsbury‚Äôs on 1 September üé∫üéâ  Like this post to receive Disney mission updates ‚ù§Ô∏è.,,Video,,,1591,79,106,,,,,,,https://video.twimg.com/amplify_video/1425035027570741255/vid/720x720/zmbHhR4n-x4BBFI7.mp4
sainsburys,,Twitter,https://x.com/sainsburys/status/1359169844801916941,2021-02-09T15:58:37.000Z,sainsburys,,"@weetabix @HeinzUK Beans have no authority here, no authority AT ALL",,Text,,,39308,99,1384,,,,,,,
sainsburys,,Twitter,https://x.com/sainsburys/status/1194046649636659203,2019-11-12T00:18:00.000Z,sainsburys,,150 years ago we opened our first store and Christmas changed forever. Coincidence?¬† Almost certainly. Ho ho ho üéÖüçä,,Video,,,13603,762,2076,,,,,,,https://video.twimg.com/amplify_video/1192816988814479361/vid/720x720/LEZdGHuQp0DGj18j.mp4
sainsburys,,Twitter,https://x.com/sainsburys/status/1239167396260216834,2020-03-15T12:31:44.000Z,sainsburys,,We know that many of you are worried about the spread of coronavirus (Covid-19). We want to let you know that we are doing everything we can so that you and your families have the food and essentials that you need.,,Text,,,881,273,395,,,,,,,
sainsburys,,Twitter,https://x.com/sainsburys/status/1241258219986735104,2020-03-21T06:59:55.000Z,sainsburys,,"We have taken further steps to make sure everyone has access to food and essential items, and to keep supporting our colleagues. Please read the full letter from our CEO here https://t.co/SCTDnpbvDi",,Text,,,2051,930,625,,,,,,,
sainsburys,,Twitter,https://x.com/sainsburys/status/1412457339672842249,2021-07-06T17:04:06.000Z,sainsburys,,@Tesco,,Video,,,1470,12,64,,,,,,,https://video.twimg.com/tweet_video/E5oOdf3XEAceWcw.mp4
sainsburys,,Twitter,https://x.com/sainsburys/status/1331563915172605952,2020-11-25T11:42:31.000Z,sainsburys,,"Our stores will be really busy coming up to Christmas. To help us maintain social distancing for customers and colleagues and reduce queues, please shop alone wherever possible",,Video,,,1241,675,187,,,,,,,https://video.twimg.com/amplify_video/1331563889696370688/vid/720x720/kHzLlZCQRtSvdUIh.mp4
sainsburys,,Twitter,https://x.com/sainsburys/status/1371117218193416201,2021-03-14T15:13:13.000Z,sainsburys,,"@MaximusArsenal Sorry, Memphis, can you give me some more info please? Emma",,Text,,,1323,97,129,,,,,,,
sainsburys,,Twitter,https://x.com/sainsburys/status/1241620631743090688,2020-03-22T07:00:01.000Z,sainsburys,,"We are continuing to work around the clock to feed the nation in these challenging times, and have taken further steps based on what you have told us in the past 24 hours. Please read the latest from our CEO Mike Coupe here: https://t.co/I0kBAX5fmL",,Text,,,1073,923,316,,,,,,,
sainsburys,,Twitter,https://x.com/sainsburys/status/1308331260796981249,2020-09-22T09:04:14.000Z,sainsburys,,Help stop the spread. Please wear a face covering and keep a safe distance from others when shopping in our stores,,Video,,,990,529,158,,,,,,,https://video.twimg.com/amplify_video/1308331230711214081/vid/720x720/dWv2z_TyLd8yOjjW.mp4
sainsburys,,Twitter,https://x.com/sainsburys/status/1312299058896285697,2020-10-03T07:50:51.000Z,sainsburys,,"@Chrismc060368 At present there is no nationally recognised day or month called White History Month and in an ideal world we wouldn‚Äôt need a specific month to celebrate any group of people, because we would all be celebrated equally and at all times...1/3",,Text,,,1000,18,48,,,,,,,
sainsburys,,Twitter,https://x.com/sainsburys/status/1303604119685550080,2020-09-09T08:00:16.000Z,sainsburys,,"LEGO¬Æ cards are landing on 16 September! üé∫üéâ
LIKE ‚ù§Ô∏è this post to get all your Sainsbury‚Äôs LEGO updates",,Video,,,2506,123,143,,,,,,,https://video.twimg.com/ext_tw_video/1303604076706439168/pu/vid/720x720/-v5o4XM1fAthqlOt.mp4
sainsburys,,Twitter,https://x.com/sainsburys/status/1186960433724477440,2019-10-23T10:59:54.000Z,sainsburys,,Ding dong! We‚Äôre removing plastic bags from our online deliveries ‚ôªÔ∏è https://t.co/6B1DTsxoaS,,Video,,,946,162,85,,,,,,,https://video.twimg.com/ext_tw_video/1186960382532960256/pu/vid/720x720/9RsQ-pnHlmZs37zy.mp4
sainsburys,,Twitter,https://x.com/sainsburys/status/1240171078414143488,2020-03-18T07:00:01.000Z,sainsburys,,We have listened to feedback from you and from Sainsbury‚Äôs colleagues across the country and wanted to share some of the extra steps we are taking to make sure everyone has access to the items that they need,,Text,,,4102,1444,1292,,,,,,,
sainsburys,,Twitter,https://x.com/sainsburys/status/1243584849526521857,2020-03-27T17:05:07.000Z,sainsburys,,Help stop the spread while shopping in our stores,,Video,,,2367,602,667,,,,,,,https://video.twimg.com/ext_tw_video/1243584791515185153/pu/vid/720x720/vJ6uXSJvCGQu0Fbf.mp4
sainsburys,,Twitter,https://x.com/sainsburys/status/1207782539844366336,2019-12-19T21:59:31.000Z,sainsburys,,üëèüëèüëè,,Text,,,873,10,133,,,,,,,
sainsburys,,Twitter,https://x.com/sainsburys/status/1218232009207709697,2020-01-17T18:01:59.000Z,sainsburys,,@Kevunn We made it famous though!! Karen,,Text,,,3044,41,149,,,,,,,
sainsburys,,Twitter,https://x.com/sainsburys/status/1413505417158828038,2021-07-09T14:28:47.000Z,sainsburys,,Think it's worth more tbh... @NoContextBrits,,Text,,,3020,27,121,,,,,,,
sainsburys,,Twitter,https://x.com/sainsburys/status/1327506558322880514,2020-11-14T07:00:02.000Z,sainsburys,,"Just the thought of home-cooked gravy, poured over a piping hot Christmas lunch, is enough to get us excited  üç¥üè†üåü

Food is Home. Home is Christmas.

Sound on for all the festive feels üîä #SainsburysXmas",,Video,,['SainsburysXmas'],38746,5424,2845,,,,,,,https://video.twimg.com/amplify_video/1327506483496558593/vid/720x720/tlmrBtf2ZdP2dnuM.mp4
sainsburys,,Twitter,https://x.com/sainsburys/status/1223108608277135362,2020-01-31T04:59:51.000Z,sainsburys,,We‚Äôre cutting our plastic packaging by half by 2025 üíö,,Video,,,2448,292,229,,,,,,,https://video.twimg.com/ext_tw_video/1223108537808650242/pu/vid/720x720/2Dp4J0UzYvHpu8q4.mp4
sainsburys,,Twitter,https://x.com/sainsburys/status/1279671278715240450,2020-07-05T06:59:42.000Z,sainsburys,,"Happy birthday NHS üéâ Thank you for 72 caring years. We'll be clapping at 5pm üëèüèæüëèüèºüëèüèøüëèüèªüëèüèΩüëè
#ThankYouTogether #NHS72",,Video,,"['ThankYouTogether', 'NHS72']",785,27,113,,,,,,,https://video.twimg.com/amplify_video/1279671243638280192/vid/720x720/Wjs8N1N0q2l1aPGK.mp4
sainsburys,,Twitter,https://x.com/sainsburys/status/1263484703727902721,2020-05-21T15:00:02.000Z,sainsburys,,"To all our 172,000 colleagues from @sainsburys, @argos_online, @nectar, Sainsbury‚Äôs Bank, @tu_clothing, @habitatUK - Thank you for everything üëè üß°",,Video,,,936,159,106,,,,,,,https://video.twimg.com/amplify_video/1263484667044511745/vid/720x720/qbEKggcrx9N9DIVp.mp4
morrisons,,Twitter,https://x.com/Morrisons/status/1499452055072624641,2022-03-03T18:30:03.000Z,Morrisons,,"We‚Äôve been shocked and saddened watching events unfold in Ukraine and want to help. We‚Äôre donating ¬£250,000 to the Disasters Emergency Committee (DEC) Ukraine Appeal.",,Text,,,426,41,54,,,,,,,
morrisons,,Twitter,https://x.com/Morrisons/status/1322551157747666944,2020-10-31T14:49:02.000Z,Morrisons,,"To say thank you to our nation's teachers, from Monday our 10% Teacher discount will include all employed staff at nurseries and colleges. T&amp;Cs apply. Valid photo ID required. Includes all school employed staff who work with children under 18. See https://t.co/fHRvQqJSKc",,Text,,,969,289,325,,,,,,,
morrisons,,Twitter,https://x.com/Morrisons/status/1320312899496280066,2020-10-25T10:35:00.000Z,Morrisons,,"To help fight holiday hunger we are donating 15,000 lunchboxes every day.  Colleagues in our stores will distribute lunchboxes to food banks and schools in their local communities so they can get them to school children in need. 
#fightholidayhunger #fooddonation #donate",,Text,,"['fightholidayhunger', 'fooddonation', 'donate']",760,24,133,,,,,,,
morrisons,,Twitter,https://x.com/Morrisons/status/1648645620251475968,2023-04-19T11:12:00.000Z,Morrisons,,üëÄ@Specsavers,,Text,,,476,50,13,,,,,,,
morrisons,,Twitter,https://x.com/Morrisons/status/1383147149555335171,2021-04-16T19:55:52.000Z,Morrisons,,@AldiUK @waitrose @sainsburys @Tesco @asda When you find out your friends have a group chat without you üíî #whataboutMorris,,Text,,['whataboutMorris'],30251,202,1163,,,,,,,
morrisons,,Twitter,https://x.com/Morrisons/status/1349265028470345730,2021-01-13T08:00:25.000Z,Morrisons,,"We've announced a new pay deal that'll see all 98,596 frontline store colleagues receive at least ¬£10 an hour from April this year. For more info - https://t.co/fmQezUJmmK",,Video,,,507,34,47,,,,,,,https://video.twimg.com/ext_tw_video/1349265010795585539/pu/vid/720x720/puVWw5Qzm2gYh331.mp4
morrisons,,Twitter,https://x.com/Morrisons/status/1320315359757553667,2020-10-25T10:44:46.000Z,Morrisons,,"We're making it easy for you to support too with family specific pick up packs at the front of store offering a nutritionally balanced mix of products which have been requested by local food banks and schools. 
#fightholidayhunger #fooddonation #donate",,Text,,"['fightholidayhunger', 'fooddonation', 'donate']",639,47,133,,,,,,,
morrisons,,Twitter,https://x.com/Morrisons/status/1511000020144824325,2022-04-04T15:17:32.000Z,Morrisons,,"üßæ Shopping list:
‚úîÔ∏è Hairspray
‚úî Greaseproof paper
‚úî Orange juice with pulp
‚úî Calpol for a fever
",,Text,,,365,32,57,,,,,,,
morrisons,,Twitter,https://x.com/Morrisons/status/1325498442060234752,2020-11-08T18:00:29.000Z,Morrisons,,"After the year we've all had...let us show you how we're Making Christmas Special.

Take a look at our new Christmas TV ad...

#Morrisons #MakingChristmasSpecial #Levitating",,Video,,"['Morrisons', 'MakingChristmasSpecial', 'Levitating']",2112,274,146,,,,,,,https://video.twimg.com/ext_tw_video/1325498403451625474/pu/vid/1280x720/S7PcRyAp_xk09dmj.mp4
morrisons,,Twitter,https://x.com/Morrisons/status/1878087725103911418,2025-01-11T14:33:01.000Z,Morrisons,,A message to British Farmers from Morrisons - we‚Äôre with you and support you üí™,,Video,,,4747,1379,1021,4994037,,,,,,https://video.twimg.com/ext_tw_video/1878087697220141056/pu/vid/avc1/364x640/zeO96RufDTSx8Q0p.mp4
morrisons,,Twitter,https://x.com/Morrisons/status/1380083008120627202,2021-04-08T09:00:04.000Z,Morrisons,,"We‚Äôre removing plastic carrier bags from our stores! That equates to 3,200 tonnes of plastic removed per year. You can instead buy our reusable paper carrier bags, which can hold up to 16 kg of shopping, plus they‚Äôre recyclable and water resistant.

#ReduceReuseRecycle",,Text,,['ReduceReuseRecycle'],339,73,29,,,,,,,
morrisons,,Twitter,https://x.com/Morrisons/status/1479484539126779908,2022-01-07T16:06:16.000Z,Morrisons,,"A message to British Farmers: Back in 2017, we pledged to support British farmers by selling only British fresh meat.  Five years on, we're happy to reaffirm that commitment. 100%. 
@BBCNews @FarmersGuardian @Minette_Batters",,Text,,,780,54,105,,,,,,,
morrisons,,Twitter,https://x.com/Morrisons/status/1314508830668185600,2020-10-09T10:11:42.000Z,Morrisons,,"@AldiUK @Tesco @asda @LidlGB @sainsburys @waitrose @IcelandFoods @marksandspencer Hi Aldi, there's nothing on our schedule later and I could think of nothing better that celebrating your Big 30!! üéÇü•≥üçæ - Rochelle",,Text,,,778,8,6,,,,,,,
morrisons,,Twitter,https://x.com/Morrisons/status/1359067286141771779,2021-02-09T09:11:05.000Z,Morrisons,,"This Half Term, we're donating over 60,000 free Homemade Pizza Kits from our stores to support hunger across the holidays. The kits feature everything kids‚Äôll need to make their own pizza and will be donated to local schools and community groups to pass on to families in need.",,Text,,,1970,57,248,,,,,,,
morrisons,,Twitter,https://x.com/Morrisons/status/1371104397816516608,2021-03-14T14:22:16.000Z,Morrisons,,Everyone has the right to feel safe and our stores and colleagues are here to help.,,Text,,,576,43,89,,,,,,,
morrisons,,Twitter,https://x.com/Morrisons/status/1293265668813590528,2020-08-11T19:18:57.000Z,Morrisons,,"@steveevets26 Hi Steve, I'm really sorry to hear all of this !!! Were the Eggs OK?  -Thanks Mark",,Text,,,361,16,21,,,,,,,
morrisons,,Twitter,https://x.com/Morrisons/status/1386694664347078656,2021-04-26T14:52:26.000Z,Morrisons,,"If you‚Äôre struggling for sanitary products, you can head to our Customer Service Desk at any of our stores and ask for a package for Sandy. Our colleague will give you a discreet envelope with what you need, for free, no questions asked. 

#letsendperiodpoverty",,Text,,['letsendperiodpoverty'],455,0,286,,,,,,,
morrisons,,Twitter,https://x.com/Morrisons/status/1414347212998459393,2021-07-11T22:13:47.000Z,Morrisons,,We‚Äôre so proud of the England team right now üè¥Û†ÅßÛ†Å¢Û†Å•Û†ÅÆÛ†ÅßÛ†Åø- you gave the nation hope when we needed it most ‚ù§Ô∏è History has been made‚Ä¶ Bring on the #WorldCup üí™‚öΩÔ∏è,,Text,,['WorldCup'],385,15,39,,,,,,,
morrisons,,Twitter,https://x.com/Morrisons/status/1362326040958427138,2021-02-18T09:00:13.000Z,Morrisons,,McGregor's Proper 12 whiskey launches in UK with Morrisons stocking it for ¬£22,,Text,,,1310,81,92,,,,,,,
morrisons,,Twitter,https://x.com/Morrisons/status/1500788359915982853,2022-03-07T11:00:02.000Z,Morrisons,,We believe that anyone suffering from period poverty should have access to sanitary products. Head to our Customer Service Desk and ask for a package for Sandy if you‚Äôre struggling. #letsendperiodpoverty #endperiodpoverty,,Text,,"['letsendperiodpoverty', 'endperiodpoverty']",389,18,201,,,,,,,
morrisons,,Twitter,https://x.com/Morrisons/status/1733774945354703177,2023-12-10T09:05:33.000Z,Morrisons,,"@Dahshur11 Hi Dave. Sorry to hear about this. Please DM us with this tweet so we can look into this for you. We will message you if we require further information or as soon as we have an outcome. Thanks, Tabby",,Text,,,405,83,10,,,,,,,
morrisons,,Twitter,https://x.com/Morrisons/status/1320807753917497344,2020-10-26T19:21:22.000Z,Morrisons,,,,Text,,,336,12,28,,,,,,,
morrisons,,Twitter,https://x.com/Morrisons/status/1628350074861367297,2023-02-22T11:04:45.000Z,Morrisons,,"What‚Äôs the best shop in Wakey? And Morley, Chester, Portsmouth? At ¬£2 per bottle‚Ä¶ you decide",,Text,,,614,42,30,,,,,,,
morrisons,,Twitter,https://x.com/Morrisons/status/1316479406353903617,2020-10-14T20:42:04.000Z,Morrisons,,"@SWhiteScience Hi Simon, Awesome !!! Thanks for the feedback. DM me your order number, address,email address and telephone number so  I can work out where your delivery came from then I can feed this back to his Manager. Not all heroes wear capes. Thanks Mark",,Text,,,795,6,5,,,,,,,
morrisons,,Twitter,https://x.com/Morrisons/status/1383147452274999301,2021-04-16T19:57:04.000Z,Morrisons,,Day 2 and they still suspect nothing... #ifyouknowyouknow #FreeCuthbert,,Video,,"['ifyouknowyouknow', 'FreeCuthbert']",33444,385,2952,,,,,,,https://video.twimg.com/ext_tw_video/1383147442745532422/pu/vid/592x480/Wm7sPnbEKqliM7pX.mp4
morrisons,,Twitter,https://x.com/Morrisons/status/1459974589669208066,2021-11-14T20:00:41.000Z,Morrisons,,"Meet Farmer Christmas and his magic helpers making the gifts on your table just as magical as the ones under the tree. 

#MakeGoodThingsHappen",,Video,,['MakeGoodThingsHappen'],986,96,338,,,,,,,https://video.twimg.com/ext_tw_video/1459974512355598345/pu/vid/1280x720/ahkDmdQU43nbw1xi.mp4
morrisons,,Twitter,https://x.com/Morrisons/status/1569665502800392193,2022-09-13T12:33:13.000Z,Morrisons,,All our supermarkets will be closed on Monday 19 September as a mark of respect and so colleagues can pay tribute to Her Majesty. At 5pm our petrol filling stations will reopen.,,Text,,,444,56,56,,,,,,,
morrisons,,Twitter,https://x.com/Morrisons/status/1519399270213902337,2022-04-27T19:33:09.000Z,Morrisons,,@AldiUK @Specsavers @NandosUK @KFC_UKI @coopuk Can we bring Clarence? Cuthbert‚Äôs looking a little lonely üêõ,,Text,,,379,11,3,,,,,,,
morrisons,,Twitter,https://x.com/Morrisons/status/1324003491166126080,2020-11-04T15:00:05.000Z,Morrisons,,"Our new Kids Meal Packs are ¬£12.50 and contain breakfast, lunch and snacks for up to 7 days. If you have children in your school isolating, who receive free school meals, we'll deliver the packs directly to their home. Schools can email: schoolbox@morrisonsplc.co.uk for info.",,Text,,,3037,96,1093,,,,,,,
morrisons,,Twitter,https://x.com/Morrisons/status/1240555376417869824,2020-03-19T08:27:04.000Z,Morrisons,,,,Text,,,492,86,69,,,,,,,
morrisons,,Twitter,https://x.com/Morrisons/status/1241073469804044288,2020-03-20T18:45:47.000Z,Morrisons,,We're welcoming workers from Marie Curie and CLIC Sargent charity shops - whose doors may need to close due to Coronavirus - to help support elderly and vulnerable customers in our stores.,,Text,,,361,24,94,,,,,,,
morrisons,,Twitter,https://x.com/Morrisons/status/1250103108530626560,2020-04-14T16:46:21.000Z,Morrisons,,We at Morrisons want to say thank you to our National Health Service so we will offer a 10% discount on NHS workers' shopping. Show a valid NHS photo ID card at the checkout and we will deduct 10% off your shopping basket. This will run from Thursday 16th April for 3 months.,,Text,,,1813,182,669,,,,,,,
morrisons,,Twitter,https://x.com/Morrisons/status/1248324907307433984,2020-04-09T19:00:25.000Z,Morrisons,,"Thank you to all the brave people of our NHS from all of us at Morrisons.

#Morrisons #FeedingTheNation #ItsMoreThanOurJob #ClapforNHS #ClapForOurCarers",,Video,,"['Morrisons', 'FeedingTheNation', 'ItsMoreThanOurJob', 'ClapforNHS', 'ClapForOurCarers']",771,53,56,,,,,,,https://video.twimg.com/ext_tw_video/1248324878643499008/pu/vid/720x720/illg5AfQy_DjJ8dq.mp4
morrisons,,Twitter,https://x.com/Morrisons/status/1284433580844675075,2020-07-18T10:23:23.000Z,Morrisons,,Congratulations Leeds,,Text,,,1030,35,123,,,,,,,
morrisons,,Twitter,https://x.com/Morrisons/status/1243953588818173952,2020-03-28T17:30:21.000Z,Morrisons,,"Thank you to all of those working so very hard to feed the nation, Including our Morrisons key worker colleagues. #FoodHeroes  üôåüôå
#Morrisons #FeedingTheNation #ItsMoreThanOurJob",,Text,,"['FoodHeroes', 'Morrisons', 'FeedingTheNation', 'ItsMoreThanOurJob']",408,29,50,,,,,,,
morrisons,,Twitter,https://x.com/Morrisons/status/1244543129707053056,2020-03-30T08:32:59.000Z,Morrisons,,,,Text,,,518,34,120,,,,,,,
morrisons,,Twitter,https://x.com/Morrisons/status/1295284283309924352,2020-08-17T09:00:13.000Z,Morrisons,,"This week we‚Äôre introducing the Hidden Disabilities Sunflower Lanyard Scheme into stores. The initiative acts as a discreet sign that somebody has a hidden disability. If you have a hidden disability and want a lanyard, please collect one free from the customer service desk.",,Text,,,486,144,168,,,,,,,
morrisons,,Twitter,https://x.com/Morrisons/status/1243468238513557505,2020-03-27T09:21:45.000Z,Morrisons,,"Thank you to all our customers for shopping safely and considerately in our stores. Please use our green floor markings to keep the 2 metre distance. 
COVID-19 Customer Update Number 11
Morrisons - Feeding The Nation
#Morrisons #FeedingTheNation #ItsMoreThanOurJob",,Text,,"['Morrisons', 'FeedingTheNation', 'ItsMoreThanOurJob']",444,109,57,,,,,,,
morrisons,,Twitter,https://x.com/Morrisons/status/1258472486166921216,2020-05-07T19:03:16.000Z,Morrisons,,"Thank you from everyone at Morrisons to our NHS workers who are working so tirelessly to keep us safe.
#ClapForOurCarers #clapforNHS #Morrisons #FeedingTheNation #ItsMoreThanOurJob",,Video,,"['ClapForOurCarers', 'clapforNHS', 'Morrisons', 'FeedingTheNation', 'ItsMoreThanOurJob']",358,36,25,,,,,,,https://video.twimg.com/ext_tw_video/1258472462313910272/pu/vid/720x720/7SWuzzMdjF-QuibA.mp4
morrisons,,Twitter,https://x.com/Morrisons/status/1243264508144967680,2020-03-26T19:52:12.000Z,Morrisons,,"Thank you from everyone at Morrisons to our NHS workers who are working so tirelessly to keep us safe. Please join us at 8pm.. COVID-19 Customer Update Number 10
Morrisons - Feeding the Nation 
#ClapForOurCarers #Morrisons #FeedingTheNation #ItsMoreThanOurJob #ClapForNHS",,Video,,"['ClapForOurCarers', 'Morrisons', 'FeedingTheNation', 'ItsMoreThanOurJob', 'ClapForNHS']",670,36,93,,,,,,,https://video.twimg.com/ext_tw_video/1243264489627082752/pu/vid/600x600/ZZgyA3nivkpeW4sf.mp4
morrisons,,Twitter,https://x.com/Morrisons/status/1243870580765417472,2020-03-28T12:00:31.000Z,Morrisons,,"Thank you to our Morrisons key worker colleagues packing half a million more eggs every day, working so very hard to help feed the nation. 
Morrisons - Feeding the Nation. #ItsMoreThanOurJob #Morrisons #FeedingTheNation",,Video,,"['ItsMoreThanOurJob', 'Morrisons', 'FeedingTheNation']",631,42,58,,,,,,,https://video.twimg.com/ext_tw_video/1243870541255077889/pu/vid/1280x720/O8qNWQSNuP25LDsi.mp4
morrisons,,Twitter,https://x.com/Morrisons/status/1290283206491553793,2020-08-03T13:47:43.000Z,Morrisons,,"Calling all Cafe fans, we‚Äôve got some great news - you can now enjoy 50% off our entire Morrisons Cafe Menu, all day, everyday. Now that‚Äôs a bargain! 

#EatOutToHelpOut #FeedingTheNation #MorrisonsCafe #ItsMoreThanOurJob",,Text,,"['EatOutToHelpOut', 'FeedingTheNation', 'MorrisonsCafe', 'ItsMoreThanOurJob']",563,74,120,,,,,,,
morrisons,,Twitter,https://x.com/Morrisons/status/1248898591202009089,2020-04-11T09:00:02.000Z,Morrisons,,"Thank you for continuing to shop considerately. As the stock on our shelves has filled up, we've now removed all maximum purchase limits in our supermarkets.¬†#Morrisons #FeedingTheNation #ItsMoreThanOurJob",,Text,,"['Morrisons', 'FeedingTheNation', 'ItsMoreThanOurJob']",594,149,82,,,,,,,
morrisons,,Twitter,https://x.com/Morrisons/status/1244172578396106752,2020-03-29T08:00:32.000Z,Morrisons,,"Thank you to our Morrisons key worker colleagues packing quarter of a million more packs of potatoes and carrots every day, working so very hard to help feed the nation. 
#Morrisons #FeedingTheNation #ItsMoreThanOurJob",,Text,,"['Morrisons', 'FeedingTheNation', 'ItsMoreThanOurJob']",555,40,41,,,,,,,
morrisons,,Twitter,https://x.com/Morrisons/status/1256214420079828994,2020-05-01T13:30:31.000Z,Morrisons,,"Our bakers are now selling their flour in store to help you enjoy baking at home. There's bread flour, plain flour and self raising flour at 60p for 1kg, bigger 16kg bags are available too and bakery yeast 50g for 20p. 
#FeedingTheNation #ItsMoreThanOurJob #Baking #Flour",,Text,,"['FeedingTheNation', 'ItsMoreThanOurJob', 'Baking', 'Flour']",381,31,69,,,,,,,
morrisons,,Twitter,https://x.com/Morrisons/status/1245666660616265728,2020-04-02T10:57:29.000Z,Morrisons,,"Thank you to our incredible colleagues, working so very hard to feed the nation. They'll receive a guaranteed bonus of 6% of their earnings for the next 12 months. Permanent and temporary colleagues, and those off sick or self-isolating, will be eligible. #ItsMoreThanOurJob",,Text,,['ItsMoreThanOurJob'],1601,90,211,,,,,,,
morrisons,,Twitter,https://x.com/Morrisons/status/1242054248767967233,2020-03-23T11:43:03.000Z,Morrisons,,"We're installing new protective screens at all our store checkouts this week, to help keep our customers and our colleagues safe. Morrisons - Feeding the Nation #ItsMoreThanOurJob",,Text,,['ItsMoreThanOurJob'],2821,265,390,,,,,,,
morrisons,,Twitter,https://x.com/Morrisons/status/1241396385561206784,2020-03-21T16:08:57.000Z,Morrisons,,"From Monday, we're introducing an NHS hour in all Morrisons stores from 7am to 8am, Monday to Saturday for NHS workers to shop with us. #itsmorethanourjob",,Text,,['itsmorethanourjob'],2557,322,938,,,,,,,
morrisons,,Twitter,https://x.com/Morrisons/status/1322154489227304960,2020-10-30T12:32:49.000Z,Morrisons,,"All of us at Morrisons would like to say thank you to the nation's school teachers. We're offering a 10% discount on your shopping in store, from this Monday until after Christmas.
Ts&amp;Cs apply. Valid school photo ID required. See https://t.co/fHRvQqJSKc for details.",,Video,,,2440,457,855,,,,,,,https://video.twimg.com/ext_tw_video/1322154471573524481/pu/vid/720x720/KQmsA86_pG0eYLti.mp4
morrisons,,Twitter,https://x.com/Morrisons/status/1248883536267841536,2020-04-11T08:00:12.000Z,Morrisons,,"The best way to say thank you to British farmers is to buy British meat. Because we only buy British, when you shop with us, you can be sure you are too.
#Morrisons #FeedingTheNation #ItsMoreThanOurJob",,Video,,"['Morrisons', 'FeedingTheNation', 'ItsMoreThanOurJob']",482,22,166,,,,,,,https://video.twimg.com/ext_tw_video/1248883502600212480/pu/vid/1280x720/u_yFuauI4IEFfezI.mp4
