Brand,brand_type,Platform,Post ID/URL,Post Date/Time,Mentions Type,User Handle,User Type,Post Text/Caption,Post Type,Hashtags Used,Likes Engagement,Comments Engagement,Views (Video),Shares/Retweets,Media Type,Common Keywords,Region,Language,Top Theme Tags,Campaign Tag,Image/Video URL
tesco,,Instagram,https://www.instagram.com/p/DN3bgsC2AGc/,2025-08-27 17:01:51+00:00,,,,"Say hello to Yuzu Lemon üçã and Hot Honey üî• ‚Äì two bold new flavour twists on the classic Jaffa Cake, only 95p with your #tesco Clubcard.

Ts&Cs: McVities Jaffa cake Yuzu Lemon 10 Cakes: Clubcard price ¬£0.10/each, regular price ¬£0.15/each; McVitie's Jaffa Cakes - Hot Honey Flavour 10 Pack: Clubcard price ¬£0.10/each, regular price ¬£0.15/each, ends 09/09. Available in the majority of larger stores and online. Excludes Express and Whoosh. Clubcard/app required. Delivery charges and some exclusions may apply.",,['tesco'],172,5,,,Sidecar,,,,,,https://scontent-sjc3-1.cdninstagram.com/v/t51.2885-15/539367288_18522747409042083_6291259980529138171_n.jpg?stp=dst-jpg_e15_fr_p1080x1080_tt6&_nc_ht=scontent-sjc3-1.cdninstagram.com&_nc_cat=103&_nc_oc=Q6cZ2QERZzfwSfc4d7SdShriPGoFAQMcONo976aNJV3FIKtieNJOPgVQmG30D4ztXsZx1lM&_nc_ohc=1a5oamZ3b9YQ7kNvwGRUYiw&_nc_gid=AmaJKKNRjtNF6SQOnKWo-w&edm=AOQ1c0wBAAAA&ccb=7-5&ig_cache_key=MzcwODU1Mzc5MTUxNzc3ODU3MQ%3D%3D.3-ccb7-5&oh=00_AfVoDjAsJ5KqqDqfxJtREijiZu6_MkxbRnw01tEJocd5Fg&oe=68B5F208&_nc_sid=8b3546
tesco,,Instagram,https://www.instagram.com/p/DN281dT2kaL/,2025-08-27 12:35:40+00:00,,,,"üçã Limoncello spritz is the dessert of the summerüçã
 
Head to the link in bio for our limoncello spritz trifle recipe.",,,239,25,5855,,Video,,,,,,https://scontent-sjc6-1.cdninstagram.com/o1/v/t16/f2/m86/AQMBGX4RrvSR2UZUyKGyPFLb6YDD5DJB7BvE3QvsI2C96t_mMA5eTvyAdhSwx4E-6vOKSdLZq0-A33oFk9vtinrXoQ9EYIMSSheJEEQ.mp4?stp=dst-mp4&efg=eyJxZV9ncm91cHMiOiJbXCJpZ193ZWJfZGVsaXZlcnlfdnRzX290ZlwiXSIsInZlbmNvZGVfdGFnIjoidnRzX3ZvZF91cmxnZW4uY2xpcHMuYzIuNzIwLmJhc2VsaW5lIn0&_nc_cat=104&vs=1296324768794405_2771969244&_nc_vs=HBksFQIYUmlnX3hwdl9yZWVsc19wZXJtYW5lbnRfc3JfcHJvZC80RTRCOEE1MzVDQ0Q1ODIzNEZBRDkyMjgzNENEMEU4Q192aWRlb19kYXNoaW5pdC5tcDQVAALIARIAFQIYOnBhc3N0aHJvdWdoX2V2ZXJzdG9yZS9HS1d2SXlBWUFzSWxDLXNEQUdKVTJBeU04Wm9LYnFfRUFBQUYVAgLIARIAKAAYABsAFQAAJprzwuyej9Y%2FFQIoAkMzLBdALRDlYEGJNxgSZGFzaF9iYXNlbGluZV8xX3YxEQB1%2Fgdl5p0BAA%3D%3D&ccb=9-4&oh=00_AfXVmDGHEnMoVxZvuAFqfB0U02b2dqiwsHeBfNj8-Yn6pw&oe=68B2055A&_nc_sid=8b3546
tesco,,Instagram,https://www.instagram.com/p/DN0yfM43AsL/,2025-08-26 16:25:01+00:00,,,,Stephen is a real one ü•¨üî•,,,324,13,11600,,Video,,,,,,https://scontent-sjc6-1.cdninstagram.com/o1/v/t16/f2/m86/AQN8lDdluWZlA51Cs_ouB-N0zyWuEGf7PcKCRLA2Uxhl2NTes__aet25jIYitZYAWi7YjX6M-K_JHTJEZlIwB-SLD-2R1cQs2cuugWQ.mp4?stp=dst-mp4&efg=eyJxZV9ncm91cHMiOiJbXCJpZ193ZWJfZGVsaXZlcnlfdnRzX290ZlwiXSIsInZlbmNvZGVfdGFnIjoidnRzX3ZvZF91cmxnZW4uY2xpcHMuYzIuNzIwLmJhc2VsaW5lIn0&_nc_cat=107&vs=820619643654764_1699982231&_nc_vs=HBksFQIYUmlnX3hwdl9yZWVsc19wZXJtYW5lbnRfc3JfcHJvZC81OTQyQjU3Rjk4RkMyQzdBMjg4N0I1QzVGMTkyNzU5Rl92aWRlb19kYXNoaW5pdC5tcDQVAALIARIAFQIYOnBhc3N0aHJvdWdoX2V2ZXJzdG9yZS9HTjl6SkNDc05KSmR5TU1FQUJmNEh5aTlJRWw3YnFfRUFBQUYVAgLIARIAKAAYABsAFQAAJprb0bbdidY%2FFQIoAkMzLBdAHRBiTdLxqhgSZGFzaF9iYXNlbGluZV8xX3YxEQB1%2Fgdl5p0BAA%3D%3D&ccb=9-4&oh=00_AfUCgOwpaXegVDzZ308BpUjRwUfQX0i5L84XyFJCrTVPVQ&oe=68B20CE9&_nc_sid=8b3546
tesco,,Instagram,https://www.instagram.com/p/DN0GBdhUh93/,2025-08-26 10:00:05+00:00,,,,"For more 5-a-day inspo, head to Tesco Real Food ü•¶ü•ï",,,136,5,4599,,Video,,,,,,https://scontent-sjc3-1.cdninstagram.com/o1/v/t16/f2/m86/AQPoR-MVuYGpBBCSX5Y4f17zvH1KIWDv88-41h8g-sBQHX4I_5sdJu4JmFgqpJ96VOvz69XOYA2BbEaaCA1BhK_9q3iGvyZBnDF06VA.mp4?stp=dst-mp4&efg=eyJxZV9ncm91cHMiOiJbXCJpZ193ZWJfZGVsaXZlcnlfdnRzX290ZlwiXSIsInZlbmNvZGVfdGFnIjoidnRzX3ZvZF91cmxnZW4uY2xpcHMuYzIuNzIwLmJhc2VsaW5lIn0&_nc_cat=103&vs=1674361413237123_3225629389&_nc_vs=HBksFQIYUmlnX3hwdl9yZWVsc19wZXJtYW5lbnRfc3JfcHJvZC8yQjQwQ0RBMzZGMDdGMTA1NzVFMTZDN0UxNTExM0Q5MF92aWRlb19kYXNoaW5pdC5tcDQVAALIARIAFQIYOnBhc3N0aHJvdWdoX2V2ZXJzdG9yZS9HQ2dkSUNDeVZYSl9iVFlMQUQyb0Zla1NXd2RGYnFfRUFBQUYVAgLIARIAKAAYABsAFQAAJpqQ7dGwh9Y%2FFQIoAkMzLBdAPWZmZmZmZhgSZGFzaF9iYXNlbGluZV8xX3YxEQB1%2Fgdl5p0BAA%3D%3D&ccb=9-4&oh=00_AfWVJPr3DCPz3XWavL5eBZaeizgTgsjtuw8OH-pVtdxf9g&oe=68B21D71&_nc_sid=8b3546
tesco,,Instagram,https://www.instagram.com/p/DNyDh4E5Pw4/,2025-08-25 15:00:06+00:00,,,,"Blackberry season = THIS pistachio bark üòÆ‚Äçüí®

Blackberry and pistachio bark
Serves 6-8
Takes 5 mins
V GF

250g pack blackberries
3 tbsp Tesco Finest pistachio cr√®me
150g white chocolate
small handful pistachios, roughly chopped (optional)

1. Line a small baking tray with baking paper and arrange the blackberries next to one another to make a rectangle.
2. In a small bowl, warm the pistachio cr√®me for 10 secs in the microwave. Drizzle over the blackberries.
3. In another small bowl, melt the white chocolate in 20 secs burst in the microwave until smooth and melted. Drizzle over the blackberries and pistachio cr√®me to cover. Sprinkle over the pistachios if using.
4. Place in the freezer for 4 hours or until completely frozen. Break into shards and enjoy.

#tesco",,['tesco'],536,25,21039,,Video,,,,,,https://scontent-sjc6-1.cdninstagram.com/o1/v/t16/f2/m86/AQO2sZecQSablMEXu90ze8mmAfu9UgxUwCkXMZ7gHpgsogQFvvr5aM99uAF8BT0i2eol8xdBrV68gn6CZQy2gWDjj1Fax44YOLQ4N58.mp4?stp=dst-mp4&efg=eyJxZV9ncm91cHMiOiJbXCJpZ193ZWJfZGVsaXZlcnlfdnRzX290ZlwiXSIsInZlbmNvZGVfdGFnIjoidnRzX3ZvZF91cmxnZW4uY2xpcHMuYzIuNzIwLmJhc2VsaW5lIn0&_nc_cat=107&vs=801909258860108_208847813&_nc_vs=HBksFQIYUmlnX3hwdl9yZWVsc19wZXJtYW5lbnRfc3JfcHJvZC9DRDRCN0I4QTU5QjRDQ0MxRkFDRUNBMzZBRjU2NENBNV92aWRlb19kYXNoaW5pdC5tcDQVAALIARIAFQIYOnBhc3N0aHJvdWdoX2V2ZXJzdG9yZS9HRVN3SXlETlFOWU1KbFFDQUQ2ak4wRmRucFI3YnFfRUFBQUYVAgLIARIAKAAYABsAFQAAJpqw19G3gtY%2FFQIoAkMzLBdAMrMzMzMzMxgSZGFzaF9iYXNlbGluZV8xX3YxEQB1%2Fgdl5p0BAA%3D%3D&ccb=9-4&oh=00_AfWkwPQkFILMky2kQbXjRUq1TEhABFITYKem7RScQKqwRw&oe=68B1F8D0&_nc_sid=8b3546
tesco,,Instagram,https://www.instagram.com/p/DNxu9ABVBCV/,2025-08-25 12:00:19+00:00,,,,"The bento boxes make me feel SO organised ‚úÖ parent win!

#BackToSchool #Tesco",,"['BackToSchool', 'Tesco']",152,1,6526,,Video,,,,,,https://scontent-sjc6-1.cdninstagram.com/o1/v/t16/f2/m86/AQN6jHQN4m72xoF3BoQ0L5WcppCo8EycB1iww6IuxNI3qV5wWWC3nJk4pFjbAMV8aTGAxCFSJk-NKU-gq2ej0omW-U902m0t45Py7MI.mp4?stp=dst-mp4&efg=eyJxZV9ncm91cHMiOiJbXCJpZ193ZWJfZGVsaXZlcnlfdnRzX290ZlwiXSIsInZlbmNvZGVfdGFnIjoidnRzX3ZvZF91cmxnZW4uY2xpcHMuYzIuNzIwLmJhc2VsaW5lIn0&_nc_cat=111&vs=1535622594471660_959113315&_nc_vs=HBksFQIYUmlnX3hwdl9yZWVsc19wZXJtYW5lbnRfc3JfcHJvZC9ENjQ5MTU4RUIxNUQxREY5MTM1QTYwRTYxQjM2NzA4M192aWRlb19kYXNoaW5pdC5tcDQVAALIARIAFQIYOnBhc3N0aHJvdWdoX2V2ZXJzdG9yZS9HSXN5RENDVXBRLU5BQzRGQUV2eDhkbXJfRmNDYnFfRUFBQUYVAgLIARIAKAAYABsAFQAAJpqn%2BoizgdY%2FFQIoAkMzLBdAN1HrhR64UhgSZGFzaF9iYXNlbGluZV8xX3YxEQB1%2Fgdl5p0BAA%3D%3D&ccb=9-4&oh=00_AfWA06X-EdLfm6oJnZThbmX0xSzhSxldQJLD3BvBIFtU3A&oe=68B1F229&_nc_sid=8b3546
tesco,,Instagram,https://www.instagram.com/p/DNvscH8WsFX/,2025-08-24 17:00:25+00:00,,,,"Your summer holiday dinner inspo is HERE!!üåûüç¥

Cheesy potato waffle ‚Äòtortilla‚Äô
Serves 6
GF

1 tbsp olive oil 
ÔøΩ1 red pepper, choppedÔøΩ
1 onion, finely sliced
ÔøΩ12 frozen potato waffles
 ÔøΩ10 eggs, whiskedÔøΩ
1 tsp smoked paprika
ÔøΩ70g mature Cheddar, coarsely grated ÔøΩ
50g ham, roughly chopped ÔøΩ
small handful peas

1. Preheat the oven to gas 6, 200¬∞C, fan 180¬∞C.
2. Toast 6 of the potato waffles in a toaster on the highest setting, until lightly toasted.
3. Add the oil to a baking dish (about 20 x 28cm) and scatter over half of the onion and pepper. Top with the 6 toasted potato waffles.
4. Sprinkle over half of the cheese, the remaining onions and pepper, and all of the ham and peas. Top with the remaining 6 potato waffles.
5. Whisk the eggs together with some seasoning and the smoked paprika.
6. Pour over the eggy mix and sprinkle over the remaining cheese.
7.  Bake in the oven for 30-35 mins until golden and puffed up.

#tesco",,['tesco'],312,12,18357,,Video,,,,,,https://scontent-sjc3-1.cdninstagram.com/o1/v/t16/f2/m86/AQMDpmgeeeQTYaqlI4mxioiUxePHs-DH9hMyXz7vtXZepPN8-WYGjV8B_R_ioUCJrgLj4o7RCE0VyC3sDjxs1O0c7nwcN2sxc0Le-XU.mp4?stp=dst-mp4&efg=eyJxZV9ncm91cHMiOiJbXCJpZ193ZWJfZGVsaXZlcnlfdnRzX290ZlwiXSIsInZlbmNvZGVfdGFnIjoidnRzX3ZvZF91cmxnZW4uY2xpcHMuYzIuNzIwLmJhc2VsaW5lIn0&_nc_cat=102&vs=1449632379604136_12843943&_nc_vs=HBksFQIYUmlnX3hwdl9yZWVsc19wZXJtYW5lbnRfc3JfcHJvZC85QTRCOTEzMzgwRDMyRjRFQjFFNjUxMDJFRDRCN0M4OF92aWRlb19kYXNoaW5pdC5tcDQVAALIARIAFQIYOnBhc3N0aHJvdWdoX2V2ZXJzdG9yZS9HUGxnR1NDZjZ5UWFIS3dDQUE1dTNyM0o3ZHAyYnFfRUFBQUYVAgLIARIAKAAYABsAFQAAJpqsis2u%2FNU%2FFQIoAkMzLBdAK92yLQ5WBBgSZGFzaF9iYXNlbGluZV8xX3YxEQB1%2Fgdl5p0BAA%3D%3D&ccb=9-4&oh=00_AfWCjdxDiXBfXRUVYFx4R0zrTbQQnnb3iypwqy6sVlIj6g&oe=68B20E45&_nc_sid=8b3546
tesco,,Instagram,https://www.instagram.com/p/DNsXp3BXvBQ/,2025-08-23 10:00:05+00:00,,,,"Chat, does this affect opening times?

Recipe ‚¨áÔ∏è

Ingredients:
1 bagel, flavour of your choice and sliced in half 
2 eggs, beaten and seasoned
1 mild cheese slice
3 leaves of butterhead lettuce
3 rashers of smoked streaky bacon
¬Ω an avocado, thinly sliced
2 rounds of red onion
2 slices of tomato
2 hashbrowns

1.	Add hash browns into a preheated oven or airfryer until cooked through and golden, around 20 mins.
2.	In the meantime, pan fry bacon until cooked to desired crispiness.
3.	To construct the sandwich, heat a pan to a low to medium heat and pour in the beaten eggs. Immediately place on the two halves of the bagel face down and continue to heat until the egg is fully cooked. Flip the bagels over and fold the egg into the middle so any overhang covers the bagel.
4.	In layered, add on the cheese, lettuce, bacon, avocado, red onion, tomato and hash brown. Cut the egg attaching the lid of the bagel away from the base and place the lid on top. 
5.	Slice, serve immediately and enjoy!

#tesco",,['tesco'],506,17,26990,,Video,,,,,,https://scontent-sjc6-1.cdninstagram.com/o1/v/t16/f2/m86/AQMJvDVwCviF4tGKI7eW4iJgu-c00DHx80WzuBS4CCZeoHPVVGqyNyOZRCu10NuhOPzD55ilAA1DrpV6f3LnnHOId7zw_RhJPi0yGxY.mp4?stp=dst-mp4&efg=eyJxZV9ncm91cHMiOiJbXCJpZ193ZWJfZGVsaXZlcnlfdnRzX290ZlwiXSIsInZlbmNvZGVfdGFnIjoidnRzX3ZvZF91cmxnZW4uY2xpcHMuYzIuNzIwLmJhc2VsaW5lIn0&_nc_cat=111&vs=1295217635400959_2675173634&_nc_vs=HBksFQIYUmlnX3hwdl9yZWVsc19wZXJtYW5lbnRfc3JfcHJvZC80QTQwRTdCQUNDRjE4Rjc5OUEwMTNDMDM3QUE0NTQ4MF92aWRlb19kYXNoaW5pdC5tcDQVAALIARIAFQIYOnBhc3N0aHJvdWdoX2V2ZXJzdG9yZS9HQWh1X1ItcmlraHRHNEFDQUlXS21qTlBvbTQ2YnFfRUFBQUYVAgLIARIAKAAYABsAFQAAJpql54rP8tU%2FFQIoAkMzLBdAMUeuFHrhSBgSZGFzaF9iYXNlbGluZV8xX3YxEQB1%2Fgdl5p0BAA%3D%3D&ccb=9-4&oh=00_AfWg6g2Yf_kOUt2SSSTO8y65UuArIjl1OvjYvGk2Ar-5Bg&oe=68B1FE8A&_nc_sid=8b3546
tesco,,Instagram,https://www.instagram.com/p/DNqxT4PN9X9/,2025-08-22 19:03:28+00:00,,,,"Summery baked Camembert with our NEW Baking Camembert with Hot Honey Dressing, let‚Äôs gooooo üçë‚òÄÔ∏è

Hot honey baked Camembert with peaches and thyme
Serves 4
Takes 25 mins

285g pack baking Camembert with hot honey dressing‚Ä®
3 perfectly ripe yellow flesh peaches, diced ‚Ä®
1 tbsp light brown soft sugar ‚Ä®
1 tbsp extra-virgin olive oil‚Ä®
3-4 fresh thyme sprigs, leaves stripped‚Ä®
baguette or crusty bread, to serve‚Ä®

1. Preheat the oven to gas 6, 200¬∞C, fan 180¬∞C. Lightly score the top of the Camembert in a criss-cross pattern and place in the centre of a round baking dish; about 23cm.
2. Arrange the peaches around the Camembert and sprinkle over the sugar.
3. Drizzle the oil over the Camembert and peaches and sprinkle over most of the thyme leaves. Bake in the oven for 15 mins.
4. Remove from the oven and drizzle the sachet of hot honey dressing mostly over the cheese and a little bit on the peaches, then return to the oven for a further 5 mins until the cheese is gooey and melted.
5. Serve with remaining thyme leaves and crusty bread for dipping.

#tesco",,['tesco'],257,16,10080,,Video,,,,,,https://scontent-sjc6-1.cdninstagram.com/o1/v/t16/f2/m86/AQOV1ZkYy3I_Me2Ne2RmvYm2E-clc8-t-kiNll-pIyrkR8abT8Tj83NMcTwp43U_0ySGEel6HVvRdwa5DWfoCJGTQgF2i9uY9HKwD2Y.mp4?stp=dst-mp4&efg=eyJxZV9ncm91cHMiOiJbXCJpZ193ZWJfZGVsaXZlcnlfdnRzX290ZlwiXSIsInZlbmNvZGVfdGFnIjoidnRzX3ZvZF91cmxnZW4uY2xpcHMuYzIuNzIwLmJhc2VsaW5lIn0&_nc_cat=109&vs=1438268750601173_121488574&_nc_vs=HBksFQIYUmlnX3hwdl9yZWVsc19wZXJtYW5lbnRfc3JfcHJvZC8wMzQyQTczM0UwNUFGNTRBODM0N0M0Q0ZERUIzMjI5RF92aWRlb19kYXNoaW5pdC5tcDQVAALIARIAFQIYOnBhc3N0aHJvdWdoX2V2ZXJzdG9yZS9HRkdmLUI4YkpqMmxuNmNFQVBDYkJEbWhVdFFzYnFfRUFBQUYVAgLIARIAKAAYABsAFQAAJpqz9qzg7tU%2FFQIoAkMzLBdAJxDlYEGJNxgSZGFzaF9iYXNlbGluZV8xX3YxEQB1%2Fgdl5p0BAA%3D%3D&ccb=9-4&oh=00_AfXFZUo2IPZ30RWzPrv9G97imI5QLrLShlCq6IRg5TnItA&oe=68B1E99F&_nc_sid=8b3546
tesco,,Instagram,https://www.instagram.com/p/DNpy017C6kB/,2025-08-22 10:00:13+00:00,,,,"Many children miss out on free school meals during the holidays, @missdanijiharmer shows how picking up a food donation bag on your next shop will support @fareshareuk and @trusselluk and help those who need it most. #StrongerStarts #Tesco",,"['StrongerStarts', 'Tesco']",897,23,13363,,Video,,,,,,https://scontent-sjc3-1.cdninstagram.com/o1/v/t16/f2/m86/AQNAKrIk9qxsBejlzUnvm5EgclRCM1tRVRw5-Z6m_MquYeJ_TXMhA8PFWS7meUXe-woAA5afmeJih_dBST2HBeZhc5nSQakrdwYn0vs.mp4?stp=dst-mp4&efg=eyJxZV9ncm91cHMiOiJbXCJpZ193ZWJfZGVsaXZlcnlfdnRzX290ZlwiXSIsInZlbmNvZGVfdGFnIjoidnRzX3ZvZF91cmxnZW4uY2xpcHMuYzIuNzIwLmJhc2VsaW5lIn0&_nc_cat=100&vs=1267477068409779_735690953&_nc_vs=HBksFQIYUmlnX3hwdl9yZWVsc19wZXJtYW5lbnRfc3JfcHJvZC8zNDQzQzY0NEUwM0U3QjJFQzBDNzFCRTYwQ0VGQTc4NF92aWRlb19kYXNoaW5pdC5tcDQVAALIARIAFQIYOnBhc3N0aHJvdWdoX2V2ZXJzdG9yZS9HRUhjRGlCbDJnS3IxaVlHQUpwaWcyVEJMeHMyYnFfRUFBQUYVAgLIARIAKAAYABsAFQAAJprq69jH69U%2FFQIoAkMzLBdAQdmZmZmZmhgSZGFzaF9iYXNlbGluZV8xX3YxEQB1%2Fgdl5p0BAA%3D%3D&ccb=9-4&oh=00_AfVBsb3fBsffVZpISxbYM3pYF3Mnr09Bqqu0EX0r0TrPRg&oe=68B1FF28&_nc_sid=8b3546
tesco,,Instagram,https://www.instagram.com/p/DNiWy-SNYuK/,2025-08-19 12:36:44+00:00,,,,"During the summer holidays, kids can enjoy a free* meal with any adult purchase in The Caf√©, when dining in. @missdanijharmer and her daughter put the menu to the taste test! üçΩÔ∏è#StrongerStarts #Tesco
 
Find the full T&Cs below and your local #Tesco Caf√© at the link in bio. *T&Cs apply.",,"['StrongerStarts', 'Tesco']",643,23,15634,,Video,,,,,,https://scontent-sjc6-1.cdninstagram.com/o1/v/t16/f2/m86/AQOXQB2Cr-T2m0rHlJTeGcUdwzICxIy2WO_CatK7-awJZlbtJNOFjH7MGcG-AoC8CmaDsIBs13-uqYsXnALgAJd2tG8Up8plS95LmcY.mp4?stp=dst-mp4&efg=eyJxZV9ncm91cHMiOiJbXCJpZ193ZWJfZGVsaXZlcnlfdnRzX290ZlwiXSIsInZlbmNvZGVfdGFnIjoidnRzX3ZvZF91cmxnZW4uY2xpcHMuYzIuNzIwLmJhc2VsaW5lIn0&_nc_cat=101&vs=1220795000060350_2049518388&_nc_vs=HBksFQIYUmlnX3hwdl9yZWVsc19wZXJtYW5lbnRfc3JfcHJvZC9DMTQ4RjY5N0EwQzA2RENFOTdDMzk3MEQ2RDdFNUU5Nl92aWRlb19kYXNoaW5pdC5tcDQVAALIARIAFQIYOnBhc3N0aHJvdWdoX2V2ZXJzdG9yZS9HTHdLMkJfY3k3TzVKMUVDQUVJeW5rS3FQSnhGYnFfRUFBQUYVAgLIARIAKAAYABsAFQAAJpqy15rB2NU%2FFQIoAkMzLBdAQ5mZmZmZmhgSZGFzaF9iYXNlbGluZV8xX3YxEQB1%2Fgdl5p0BAA%3D%3D&ccb=9-4&oh=00_AfWBhF9nAWOhlgj65R4ZpANe1CJoWNm6kWTwLidlsTfcYA&oe=68B1F262&_nc_sid=8b3546
tesco,,Instagram,https://www.instagram.com/p/DNgLLQSOCD-/,2025-08-18 16:17:10+00:00,,,,"Pasta all day everyday, are we right?

Head to the link in bio for our creamy corn and bacon spaghetti recipe.

#tesco",,['tesco'],453,24,21356,,Video,,,,,,https://scontent-sjc3-1.cdninstagram.com/o1/v/t16/f2/m86/AQMeEMc8fJAa5BmY8e_u7Bx8RR4-wC2JTan9NNlobbWqAFs8dsICToNoGt_H18FA51oh0XAcCPudEp3_TqBgiaNUuJs4xBaeHqEtu9E.mp4?stp=dst-mp4&efg=eyJxZV9ncm91cHMiOiJbXCJpZ193ZWJfZGVsaXZlcnlfdnRzX290ZlwiXSIsInZlbmNvZGVfdGFnIjoidnRzX3ZvZF91cmxnZW4uY2xpcHMuYzIuNzIwLmJhc2VsaW5lIn0&_nc_cat=100&vs=1072928998348292_3019918576&_nc_vs=HBksFQIYUmlnX3hwdl9yZWVsc19wZXJtYW5lbnRfc3JfcHJvZC8zMzRCNDgyRDIwRDkxNUI0NEM4QzhEQzFFMUZDMzU4NV92aWRlb19kYXNoaW5pdC5tcDQVAALIARIAFQIYOnBhc3N0aHJvdWdoX2V2ZXJzdG9yZS9HSDQ1NVJfWms3czRDcVlDQURoTFJFRi1wOE1yYnFfRUFBQUYVAgLIARIAKAAYABsAFQAAJpr695Gx09U%2FFQIoAkMzLBdANUzMzMzMzRgSZGFzaF9iYXNlbGluZV8xX3YxEQB1%2Fgdl5p0BAA%3D%3D&ccb=9-4&oh=00_AfXNWZz3q71tWcVkb2uHYhaxdchu0_Z7qBsVtem5R0UUJw&oe=68B1FEBE&_nc_sid=8b3546
sainsburys,,Instagram,https://www.instagram.com/p/DN3vfa82r_i/,2025-08-27 19:56:05+00:00,,,,"POV: it‚Äôs 3pm, the afternoon slump has hit, and you‚Äôre tucking into a cuppa and a slice of this lighter chocolate cake‚Ä¶üç´üòç

Made with yogurt and topped with a rich dark chocolate glaze, it‚Äôs sure to supply you with some afternoon energy!

üë©‚Äçüç≥Ingredients:

üç´For the cake:
150g self-raising flour
1 tsp baking powder
50g cocoa powder
¬Ω tsp fine sea salt
125g light or dark brown sugar
3 medium eggs
175g Greek-style natural yogurt
125ml vegetable oil, plus extra to grease
1 tsp vanilla extract
1 tbsp instant coffee granules, dissolved in 3 tbsp boiling water
üçØFor the glaze:
20g butter
1 tbsp clear honey
50g dark chocolate, finely chopped

üìùMethod:
1. Grease and line a 900g loaf tin and preheat the oven to 180¬∞C.
2. Sift the flour, baking powder, cocoa and salt into a mixing bowl then stir in the brown sugar, breaking up any lumps as you go.
3. In a jug, combine the eggs, yogurt, oil and vanilla then pour this into the dry ingredients, along with the coffee. Stir until you have a smooth batter. Pour into the lined loaf tin and shake to level the top. Bake for 40-50 minutes or until a skewer comes out clean. Cool in the tin for 10-15 minutes, then turn out to a wire rack to cool completely.
4. For the glaze, melt the butter and honey in a small pan until bubbling. Remove from the heat, add the chocolate and set aside to melt, stirring until smooth. Spread over the top of the cake (leave to cool and thicken up first if it seems too runny to spread), and leave to set.

‚úèÔ∏èRecipe by @SainsburysMag
üì∑: @antduncanphoto

Tag #SainsburysRecipes for your chance to be featuredüì∑

#DessertRecipe #HomeBaking #LighterDesserts #ViralRecipes",,"['SainsburysRecipes', 'DessertRecipe', 'HomeBaking', 'LighterDesserts', 'ViralRecipes']",184,2,,,Image,,,,,,https://scontent-dfw5-1.cdninstagram.com/v/t51.2885-15/539790065_18526854700013134_4053624990186971790_n.jpg?stp=dst-jpg_e15_fr_p1080x1080_tt6&_nc_ht=scontent-dfw5-1.cdninstagram.com&_nc_cat=110&_nc_oc=Q6cZ2QEv8EP2BolUS7EFPRc5dvWWiblEpPvBPyEq2LetU3wsDgB-dDCCAqMXruvqqnOKsO0&_nc_ohc=q1uqEVg-3TEQ7kNvwG-aK3j&_nc_gid=3n1lTYuCjMIlwKQAxCKUoQ&edm=AOQ1c0wBAAAA&ccb=7-5&ig_cache_key=MzcwODY0MTY4NTU5MDk0OTg1OA%3D%3D.3-ccb7-5&oh=00_AfVrPcM1R0RlPSA4DFeipY6M9RiY7ZcI70Xy_HaGn6Py4g&oe=68B5FB6C&_nc_sid=8b3546
sainsburys,,Instagram,https://www.instagram.com/p/DN3apPE2M0X/,2025-08-27 16:55:10+00:00,,,,"AD I may have forgotten the date night essentials... but thankfully the Nectar app has got my back, along with their Your Nectar Prices!üçø üé¨

Check your Nectar app to save more with Your Nectar Prices now.
@sainsburys #YourNectarPrices

*18+. Digital Nectar registration required. Unlock up to 10 Your Nectar Prices per week in the Nectar app, www.nectar.com, Sainsbury‚Äôs online or on SmartShop. Your Nectar Prices are individual to you and vary per customer.T&Cs apply.",,['YourNectarPrices'],372,5,6981,,Video,,,,,,https://scontent-dfw5-2.cdninstagram.com/o1/v/t16/f2/m86/AQOyXjZpqXspTGlwYPbxpVKaviw6Ac7pUhAATu1mAKB0_DNNbPlyFctfivqSD55BUnSKEz7aZ47aOJbYLuURujzKxQC2yopqUSsiC28.mp4?stp=dst-mp4&efg=eyJxZV9ncm91cHMiOiJbXCJpZ193ZWJfZGVsaXZlcnlfdnRzX290ZlwiXSIsInZlbmNvZGVfdGFnIjoidnRzX3ZvZF91cmxnZW4uY2xpcHMuYzIuNzIwLmJhc2VsaW5lIn0&_nc_cat=102&vs=1829561268440519_650016403&_nc_vs=HBksFQIYUmlnX3hwdl9yZWVsc19wZXJtYW5lbnRfc3JfcHJvZC83RTQxNjMwNTYwNjNDMEExMTg4RDQ3QTc1MzY1NTA5RV92aWRlb19kYXNoaW5pdC5tcDQVAALIARIAFQIYOnBhc3N0aHJvdWdoX2V2ZXJzdG9yZS9HSkdLRWlEdTYzRHpLX2dEQUtVVHZuRHY5b0pxYnFfRUFBQUYVAgLIARIAKAAYABsAFQAAJpC5gt7Q3dg%2FFQIoAkMzLBdAUVVP3ztkWhgSZGFzaF9iYXNlbGluZV8xX3YxEQB1%2Fgdl5p0BAA%3D%3D&ccb=9-4&oh=00_AfV1nHyyqiNADln8FRL4bb7lPCbKVdBW8j8mwHUeqis0Yw&oe=68B1F3CB&_nc_sid=8b3546
sainsburys,,Instagram,https://www.instagram.com/p/DN06EpkUMv-/,2025-08-26 17:30:00+00:00,,,,"Store colleague Neil is back today to help us all get lunchbox ready with all of his best lunchtime recommendations!üß°ü•™

And with the help of Aldi Price Match, he‚Äôs keeping us all on budget this term... 

What will you be adding to your shopping list?üëá

*Sainsbury‚Äôs soft medium white bread 800g, Sainsbury‚Äôs Torchon ham 200g, Stamford Street mature cheddar cheese 900g, Sainsbury‚Äôs sausage rolls 360g, Stamford Street easy peelers, Sainsbury‚Äôs chocolate mini rolls x10, Sainsbury‚Äôs hazelnut chocolate spread 400g, Sainsbury‚Äôs strawberry jam 454g matched to Aldi. Aldi Price Match excl promos, locals & NI. Subject to availability. Prices matched pro rata vs Aldi GB, checked at least x2 weekly. Aldi may sell other products at different prices. Sainsburys.co.uk/aldipricematch.

#BackToSchool #AldiPriceMatch #SainsburysColleagues #PackedLunches",,"['BackToSchool', 'AldiPriceMatch', 'SainsburysColleagues', 'PackedLunches']",102,2,2031,,Video,,,,,,https://scontent-dfw5-1.cdninstagram.com/o1/v/t16/f2/m86/AQOn_SJCiup0MGd9cNB62k5n7r16BLuTF_HtmMenGoA1kgDZo8xnnRfuTc3cgWqis35lLjGL0E0w342LVeMd6jDz8qqxa7DQG1dkU70.mp4?stp=dst-mp4&efg=eyJxZV9ncm91cHMiOiJbXCJpZ193ZWJfZGVsaXZlcnlfdnRzX290ZlwiXSIsInZlbmNvZGVfdGFnIjoidnRzX3ZvZF91cmxnZW4uY2xpcHMuYzIuNzIwLmJhc2VsaW5lIn0&_nc_cat=101&vs=637515552723323_3435669158&_nc_vs=HBksFQIYUmlnX3hwdl9yZWVsc19wZXJtYW5lbnRfc3JfcHJvZC8xQTQ4Rjc4MTk5Nzk4MDlDRDI4QTI0Mjk1OTdDQUVBRV92aWRlb19kYXNoaW5pdC5tcDQVAALIARIAFQIYOnBhc3N0aHJvdWdoX2V2ZXJzdG9yZS9HSjV0N0ItTEg2dVdKZU1DQUNlRFNTVmk2WjQyYnFfRUFBQUYVAgLIARIAKAAYABsAFQAAJrK3n8C5xNQ%2FFQIoAkMzLBdARxEGJN0vGxgSZGFzaF9iYXNlbGluZV8xX3YxEQB1%2Fgdl5p0BAA%3D%3D&ccb=9-4&oh=00_AfVhoBCYcijpC7Pln3PfDmqwOaU7v01jlmmPdF4uhc6FCw&oe=68B203B3&_nc_sid=8b3546
sainsburys,,Instagram,https://www.instagram.com/p/DNyXkoKUAVc/,2025-08-25 17:50:00+00:00,,,,"We‚Äôre just about ready to get back into routine, and these no-bake meal prepable jaffa slices are going to help us do just that!üçäüç´

With a chocolate and weetabix base, and orange filling, they‚Äôll make the perfect packed lunch treat for the whole family...

üë©‚Äçüç≥Ingredients:
120g wheat biscuits
40g cocoa powder
50g almond butter
80ml maple syrup
Juice and zest of 2 oranges 
40g orange marmalade 
60g melted dark chocolate

üìùMethod:
1. In a bowl combine your crushed wheat biscuits, cocoa powder and wet ingredients to make your dough.
2. Press into a dish and top with your marmalade, melted dark chocolate and orange zest. 
3. Refrigerate until set, slice and enjoy!

üëáTag a jaffa lover below!
üìùDon‚Äôt forget to save this recipe for later!

#NoBakeRecipe #MealPrep #HealthierDesserts #ViralRecipes",,"['NoBakeRecipe', 'MealPrep', 'HealthierDesserts', 'ViralRecipes']",541,11,,,Sidecar,,,,,,https://scontent-dfw5-1.cdninstagram.com/v/t51.2885-15/539459438_18526457995013134_4445073834414964799_n.jpg?stp=dst-jpg_e15_fr_p1080x1080_tt6&_nc_ht=scontent-dfw5-1.cdninstagram.com&_nc_cat=110&_nc_oc=Q6cZ2QEv8EP2BolUS7EFPRc5dvWWiblEpPvBPyEq2LetU3wsDgB-dDCCAqMXruvqqnOKsO0&_nc_ohc=RN_NfE9j4WEQ7kNvwFHk2VU&_nc_gid=3n1lTYuCjMIlwKQAxCKUoQ&edm=AOQ1c0wBAAAA&ccb=7-5&ig_cache_key=MzcwNzA4NzMxOTcxMjQwMTM2NA%3D%3D.3-ccb7-5&oh=00_AfW7Ggv6Qgs33vg8mjbVjsrTCZkuiRXi5HZTq_pAoNM-NQ&oe=68B5EF5B&_nc_sid=8b3546
sainsburys,,Instagram,https://www.instagram.com/p/DNyR3j_0MIf/,2025-08-25 17:00:00+00:00,,,,"#AD  POWER BOWLS ü•ô‚ö°Ô∏è

Welcome back to POWER BOWLS, my series where I‚Äôll be showing you how to make some of my favourite protein packed bowls that help me build muscle and maintain a healthy lifestyle.

In this series, I‚Äôll be sharing some of my favourite balanced recipes full of flavour and fun!

Today‚Äôs episode we‚Äôre making my fave Caribbean/Latin fusion bowl, featuring Jerk Chicken, Rice & Peas, Avocado salad, Coleslaw, Tostones & Black Bean & Strawberry salsa, using @sainsburys Your Nectar Prices. 

Your Nectar Prices are completely tailored to me, by providing me with up to 10 new & unique discounts, which are relevant to my daily cooking habits.

Download the @nectar_uk app and start saving today!

*18+. Digital Nectar registration required. Unlock up to 10 Your Nectar Prices per week in the Nectar app, www.nectar.com, Sainsbury‚Äôs online or on SmartShop. Your Nectar Prices are individual to you and vary per customer. T&Cs apply.

#comfortfood #mealprep #highproteinmeals",,"['AD', 'comfortfood', 'mealprep', 'highproteinmeals']",2171,40,37518,,Video,,,,,,https://scontent-dfw5-3.cdninstagram.com/o1/v/t16/f2/m86/AQNwwDgsoNHWGJn9F89MQFiS1Veh5Mqj9wdrFGzelg4hLSKYKoZ0H3DlP-U6RwKshRb4x8tMAVYytHoSiIb74u6PHHJ0Y4R9RdaFVQ8.mp4?stp=dst-mp4&efg=eyJxZV9ncm91cHMiOiJbXCJpZ193ZWJfZGVsaXZlcnlfdnRzX290ZlwiXSIsInZlbmNvZGVfdGFnIjoidnRzX3ZvZF91cmxnZW4uY2xpcHMuYzIuNzIwLmJhc2VsaW5lIn0&_nc_cat=108&vs=1133943548633509_1765444492&_nc_vs=HBksFQIYUmlnX3hwdl9yZWVsc19wZXJtYW5lbnRfc3JfcHJvZC82RjQ4MDUwODlCQUM4RjNEQ0I2N0IyNTJEMUM4RDdBOF92aWRlb19kYXNoaW5pdC5tcDQVAALIARIAFQIYOnBhc3N0aHJvdWdoX2V2ZXJzdG9yZS9HSVV4X2g5dFhqdkU1NDhFQU9Bd1RpbVA5eG81YnFfRUFBQUYVAgLIARIAKAAYABsAFQAAJu6HtpuazftAFQIoAkMzLBdAS93S8an75xgSZGFzaF9iYXNlbGluZV8xX3YxEQB1%2Fgdl5p0BAA%3D%3D&ccb=9-4&oh=00_AfV25hp2kdJjDMs90SrGEtdDRC-nr1wi7Zo2XhyKpZvRZg&oe=68B1F65B&_nc_sid=8b3546
sainsburys,,Instagram,https://www.instagram.com/p/DNq1spZp3vi/,2025-08-22 19:40:11+00:00,,,,"If you‚Äôre on the hunt for an easy dessert showstopper this Bank Holiday weekend, these ros√© peaches and cream pavlovas are just that‚Ä¶üçëüç¶

With homemade pink marbled meringue nests, topped with ros√© poached peaches, fresh cream, sweet honey and tarte cherries, they‚Äôre the perfect way to wow your guests this weekend!üôå

üë©‚Äçüç≥Ingredients:
For the meringues:
4 large egg whites
¬æ tsp lemon juice
200g caster sugar
For the peaches:
500ml ros√© wine
1 tsp vanilla bean paste
150g light brown soft sugar
juice of 1 lemon
6 semi-ripe peaches, halved and stoned

To serve:
250ml double cream
1 tsp vanilla bean paste
1 tbsp clear honey
250g fresh cherries, pitted and halved
Handful of fresh mint leaves (optional)

üìùMethod:
1. Preheat the oven to 110¬∞C and line a large baking tray with baking paper. Place the egg whites and lemon juice in a bowl and beat until the whites form soft peaks and have doubled in volume. Increase the speed, then begin adding the sugar, a spoonful at a time, whisking well between each addition, until the sugar has dissolved and you have a stiff, glossy meringue.

2. Dollop 8 mounds of the meringue onto the baking tray, shaping into round nests. Bake for 2 hours, then leave to cool for 1 hour in the turned-off oven, with the door slightly ajar.

3. Pour the wine into a saucepan and add the vanilla, sugar, lemon juice and 100ml water. Bring up to a simmer. Lower in the peaches, cut-side up, and poach for 10 minutes, turning halfway. Use a slotted spoon to lift the peaches from the poaching liquid, then cut into wedges. Bubble the poaching liquid until reduced to a syrup (about 10 minutes). Allow to cool slightly before returning the peaches. Set aside to cool until ready to serve.

4. In a bowl, whip the cream, vanilla and honey to just-soft peaks. Add a dollop of cream to each of the meringue nests, then spoon the peaches and some of the syrup on top. Scatter with the cherries and a few mint leaves, if using.

*Drinkaware for the facts.

‚úèÔ∏èRecipe by @SainsburysMag
üì∑: @martinpoolephotography

Tag #SainsburysRecipes for your chance to be featuredüì∑

#DessertRecipe  #SummerFood #BankHolidayRecipe #ViralRecipes",,"['SainsburysRecipes', 'DessertRecipe', 'SummerFood', 'BankHolidayRecipe', 'ViralRecipes']",172,8,,,Sidecar,,,,,,https://scontent-dfw5-1.cdninstagram.com/v/t51.2885-15/537167768_18525955264013134_5511550184035561106_n.jpg?stp=dst-jpg_e15_fr_p1080x1080_tt6&_nc_ht=scontent-dfw5-1.cdninstagram.com&_nc_cat=110&_nc_oc=Q6cZ2QEv8EP2BolUS7EFPRc5dvWWiblEpPvBPyEq2LetU3wsDgB-dDCCAqMXruvqqnOKsO0&_nc_ohc=jbt0HIJihQ4Q7kNvwHYUaNY&_nc_gid=3n1lTYuCjMIlwKQAxCKUoQ&edm=AOQ1c0wBAAAA&ccb=7-5&ig_cache_key=MzcwNTAwOTc1NjA2NTc0OTA5NA%3D%3D.3-ccb7-5&oh=00_AfWGme2dzXFyEAEGcRqQyF3bJQVGRdUA__aXl4nhza75DA&oe=68B5FB19&_nc_sid=8b3546
sainsburys,,Instagram,https://www.instagram.com/p/DNpshdeobhu/,2025-08-22 09:00:00+00:00,,,,"We‚Äôve seen the warm loaded crisps hype, so it felt only right to give it a go - spoiler alert, it‚Äôs a yes from us!üôå

Taste the Difference mature cheddar and spring onion crisps topped with all your charcuterie favourites, they‚Äôre about to make the ultimate addition to your Bank Holiday picky bits spread...üòç

üë©‚Äçüç≥Ingredients:
1 150g bag Taste the Difference mature cheddar and spring onion crisps
1‚ÅÑ2 120g pack prosciutto crudo, roughly torn
1‚ÅÑ2 180g jar pitted Nocellara olives, drained and halved
1‚ÅÑ2 160g pack chargrilled artichoke antipasti
1 340g pack Taste the Difference Pugliese burrata and sun-soaked tomatoes 
1 tbsp olive oil
pinch chilli flakes

1. Preheat the oven to 200¬∞C, fan 180¬∞C, gas 6. Arrange the crisps on a large baking tray, then bake in the oven for 5 minutes or until warm. Transfer to a serving platter, then immediately top with the torn prosciutto while the crisps are still warm so that the prosciutto fat melts onto the crisps.
2. Tear over the burrata, then top with the olives, artichoke antipasti and sun-soaked tomatoes. Drizzle over olive oil and finish with a pinch of chilli flakes.

üëâSend this to a crisp lover!
üìùDon‚Äôt forget to save this recipe for later!

#QuickAndEasyRecipes #LoadedCrisps #ViralFood #ASMR",,"['QuickAndEasyRecipes', 'LoadedCrisps', 'ViralFood', 'ASMR']",195,6,4255,,Video,,,,,,https://scontent-dfw5-2.cdninstagram.com/o1/v/t16/f2/m86/AQO9hJQ0FR47kPXT01IuDBRjKk6qfecABrDtFIihnqQuQhVS5OsQsqnaopRXv-HKlibjgOHxKt0fIZYICjT4d5ZQE2Hjgt8HUgR02aQ.mp4?stp=dst-mp4&efg=eyJxZV9ncm91cHMiOiJbXCJpZ193ZWJfZGVsaXZlcnlfdnRzX290ZlwiXSIsInZlbmNvZGVfdGFnIjoidnRzX3ZvZF91cmxnZW4uY2xpcHMuYzIuNzIwLmJhc2VsaW5lIn0&_nc_cat=104&vs=31310380865213823_3487300431&_nc_vs=HBksFQIYUmlnX3hwdl9yZWVsc19wZXJtYW5lbnRfc3JfcHJvZC9FODQ3RDE0MEEwNjEwMTVGNTY1NjYyQkQ0REQ4MEZBRV92aWRlb19kYXNoaW5pdC5tcDQVAALIARIAFQIYOnBhc3N0aHJvdWdoX2V2ZXJzdG9yZS9HSjFTNkItUk9IY1hFZVVDQU41YVFiZ0FaQUlIYnFfRUFBQUYVAgLIARIAKAAYABsAFQAAJrKvp9KxkNQ%2FFQIoAkMzLBdAQMeuFHrhSBgSZGFzaF9iYXNlbGluZV8xX3YxEQB1%2Fgdl5p0BAA%3D%3D&ccb=9-4&oh=00_AfW76v7UxIXKPiPvs6QgC_ESKzQclzSRE3qabCb-2vFKTQ&oe=68B1FF62&_nc_sid=8b3546
sainsburys,,Instagram,https://www.instagram.com/p/DNlZ0mhoxbw/,2025-08-20 17:00:00+00:00,,,,"Store colleague Ryan is back at it today, spilling all his secrets to the perfect bacon sandwich!ü•ìüòã

Keeping it classic but very delicious with the help of some of our favourite Taste the Difference ingredients...üß°

On Ryan‚Äôs bacon sarnie shopping listüëá

Taste the Difference sourdough pave ‚ú®
Taste the Difference dry cured back bacon 
By Sainsbury‚Äôs tomato ketchup
By Sainsbury‚Äôs salted butter 
Tomato (optional)
Lettuce (optional)

üëáWhat does your ultimate bacon sarnie look like?

#QuickAndEasyRecipes #TasteTheDifference #SainsburysColleagues #SandwichRecipe",,"['QuickAndEasyRecipes', 'TasteTheDifference', 'SainsburysColleagues', 'SandwichRecipe']",147,11,4796,,Video,,,,,,https://scontent-dfw5-1.cdninstagram.com/o1/v/t16/f2/m86/AQODyeVjzOrmXxpCr2ciNkvkANQhHNfbhmsXSWcC9AOz_WqJUkyV3VwdGECCWPmfo848o0iMkq5yCYxIUymPU4_WP54o2xRilqzkc7k.mp4?stp=dst-mp4&efg=eyJxZV9ncm91cHMiOiJbXCJpZ193ZWJfZGVsaXZlcnlfdnRzX290ZlwiXSIsInZlbmNvZGVfdGFnIjoidnRzX3ZvZF91cmxnZW4uY2xpcHMuYzIuNzIwLmJhc2VsaW5lIn0&_nc_cat=103&vs=1690991998272975_649452310&_nc_vs=HBksFQIYUmlnX3hwdl9yZWVsc19wZXJtYW5lbnRfc3JfcHJvZC8wOTQxOUVFQTZDNTBCQ0NBRjdBQzk1MkU4RUU5NzFCRl92aWRlb19kYXNoaW5pdC5tcDQVAALIARIAFQIYOnBhc3N0aHJvdWdoX2V2ZXJzdG9yZS9HRWNrNHg4ZkVYUTVIZHRXQUsxZVNZUzZVeTFBYnFfRUFBQUYVAgLIARIAKAAYABsAFQAAJrKGtdarkNQ%2FFQIoAkMzLBdATEAAAAAAABgSZGFzaF9iYXNlbGluZV8xX3YxEQB1%2Fgdl5p0BAA%3D%3D&ccb=9-4&oh=00_AfWhFXAIcZRfm0xDI7vDrCKaYKYlkuJ4pY8pvncLhWNW1Q&oe=68B1F49C&_nc_sid=8b3546
sainsburys,,Instagram,https://www.instagram.com/p/DNi79uYoQyi/,2025-08-19 18:00:00+00:00,,,,"Quick and easy desserts just got an upgrade with this cappuccino caramel sundae!üç®‚òïÔ∏è

With layers of soft Taste the Difference Cappuccino swiss roll, creamy peanut and caramel gelato and a generous drizzle of caramel sauce...just 5 minutes stands between you and pudding perfection.üòç

üë©‚Äçüç≥Ingredients:
1‚ÅÑ2 235g cappuccino Swiss roll cake, sliced
1‚ÅÑ2 370g peanut and caramel gelato tub 
2 tbsp salted caramel sauce
50g roasted salted peanuts, chopped

üìùMethod:
1. Cut the Swiss roll into slices and place into the base of two sundae dishes or dessert bowls.
2. Scoop the ice cream on top, then drizzle over the caramel sauce and scatter over the peanuts to serve.

üëâSend this to a friend with a sweet tooth! üìùDon‚Äôt forget to save this recipe for later!

#QuickAndEasyDesserts #DessertHack #ViralFood #ASMR",,"['QuickAndEasyDesserts', 'DessertHack', 'ViralFood', 'ASMR']",212,11,5049,,Video,,,,,,https://scontent-dfw5-3.cdninstagram.com/o1/v/t16/f2/m86/AQMCFE7GXpIHLDGmXzAK_JFMLYO4J1QZ2JR-b6Jvs6MqCl8kGEQ6C8nRaCY1Mz3ivfzSDuBYKQo0VqL5c50NKWIWqyvZiJIwKhZJbdY.mp4?stp=dst-mp4&efg=eyJxZV9ncm91cHMiOiJbXCJpZ193ZWJfZGVsaXZlcnlfdnRzX290ZlwiXSIsInZlbmNvZGVfdGFnIjoidnRzX3ZvZF91cmxnZW4uY2xpcHMuYzIuNzIwLmJhc2VsaW5lIn0&_nc_cat=108&vs=1076586331276343_4014575173&_nc_vs=HBksFQIYUmlnX3hwdl9yZWVsc19wZXJtYW5lbnRfc3JfcHJvZC9FQjQwOUIyRjEzQTA5MERGMTczRjdFOTUwRDA4MEJBNV92aWRlb19kYXNoaW5pdC5tcDQVAALIARIAFQIYOnBhc3N0aHJvdWdoX2V2ZXJzdG9yZS9HSV9GNEJfR21BQ2dLNTBEQUhhMzhWbjVqYnBVYnFfRUFBQUYVAgLIARIAKAAYABsAFQAAJrLUmZK6jtQ%2FFQIoAkMzLBdAMcKPXCj1wxgSZGFzaF9iYXNlbGluZV8xX3YxEQB1%2Fgdl5p0BAA%3D%3D&ccb=9-4&oh=00_AfUeoWrz7AjJM1bunYBQsUSR175WwOcj8fJXJwLV35lGHg&oe=68B20049&_nc_sid=8b3546
sainsburys,,Instagram,https://www.instagram.com/p/DNgTrbDom6_/,2025-08-18 17:30:00+00:00,,,,"Home bakers, this one is for you!üë©‚Äçüç≥

Nothing screams summer quite like strawberries and cream, and this loaf cake makes for the perfect way to enjoy them...

With fluffy sponge topped with juicy by Sainsbury‚Äôs strawberries and fresh cream, you‚Äôll want to save this one for your Bank Holiday baking!üçìüç∞

üì∑: @eatteahome
üëáTag #SainsburysRecipes for your chance to be featured!

#HomeBaking #ViralRecipes #StrawberriesAndCream #BakingInspiration",,"['SainsburysRecipes', 'HomeBaking', 'ViralRecipes', 'StrawberriesAndCream', 'BakingInspiration']",264,9,4504,,Video,,,,,,https://scontent-dfw5-2.cdninstagram.com/o1/v/t16/f2/m86/AQM--vlpcS-Te5RxsZY8Dw2d37eVaxy-HrOG_XYwQcMwA_VEy_6kqCK6MrGuQs9TRx1iWO-Q0UTWYyRS6NyUdtRY9tf8vtxa_XzPJvQ.mp4?stp=dst-mp4&efg=eyJxZV9ncm91cHMiOiJbXCJpZ193ZWJfZGVsaXZlcnlfdnRzX290ZlwiXSIsInZlbmNvZGVfdGFnIjoidnRzX3ZvZF91cmxnZW4uY2xpcHMuYzIuNTM4LmJhc2VsaW5lIn0&_nc_cat=102&vs=756810877048958_2143371723&_nc_vs=HBksFQIYUmlnX3hwdl9yZWVsc19wZXJtYW5lbnRfc3JfcHJvZC9DRTQ0RDRGM0FFN0YzNEQwNDRGOTEyNjQzNUVBMTY5M192aWRlb19kYXNoaW5pdC5tcDQVAALIARIAFQIYOnBhc3N0aHJvdWdoX2V2ZXJzdG9yZS9HTTlYekI5NThzc2d4NjhDQUlCOERDNXRVaWxCYnFfRUFBQUYVAgLIARIAKAAYABsAFQAAJrKonfOyjtQ%2FFQIoAkMzLBdALqp%2B%2Bdsi0RgSZGFzaF9iYXNlbGluZV8xX3YxEQB1%2Fgdl5p0BAA%3D%3D&ccb=9-4&oh=00_AfVJNRQwtCLVTvNCiPWmFUDc7rXQEK1DBtYA24dhQXoYtg&oe=68B21C80&_nc_sid=8b3546
sainsburys,,Instagram,https://www.instagram.com/p/DNaVnJtsLon/,2025-08-16 09:54:24+00:00,,,,"Ad | NDUJA MARINATED OLIVES! @zenaskitchen

Summer‚Äôs back, which for me means minimal cooking and plenty of picky bits. These nduja marinated olives are perfect. They‚Äôre ridiculously easy to make and can be prepped well in advance. In fact, the longer they sit, the better they taste.

When you‚Äôre only using a few ingredients, quality makes all the difference, and the @sainsburys Taste the Difference Nocellara olives and nduja paste are the stars here. I hope you give this one a go! The full recipe is on my website zenaskitchen.com (also linked in my bio). Or just Google ‚Äúnduja marinated olives zenaskitchen‚Äù and it‚Äôll pop right up. Enjoy!

#ad #pickybits #marinatedolives #summercooking #summerrecipes",,"['ad', 'pickybits', 'marinatedolives', 'summercooking', 'summerrecipes']",1333,48,23978,,Video,,,,,,https://scontent-dfw5-2.cdninstagram.com/o1/v/t16/f2/m86/AQNEKg6ZU3IW2rDwMu186AfZxivLoAZToGmq2u3h7O2KgHXt8zTwBD7z67f6_pqk_ZB3GaMhh9s219HU4GCoJHUuMNrkdxM0153vfqc.mp4?stp=dst-mp4&efg=eyJxZV9ncm91cHMiOiJbXCJpZ193ZWJfZGVsaXZlcnlfdnRzX290ZlwiXSIsInZlbmNvZGVfdGFnIjoidnRzX3ZvZF91cmxnZW4uY2xpcHMuYzIuNzIwLmJhc2VsaW5lIn0&_nc_cat=100&vs=1083961593944949_3362109001&_nc_vs=HBksFQIYUmlnX3hwdl9yZWVsc19wZXJtYW5lbnRfc3JfcHJvZC9EMjQzQ0Y4MDIxRjZDMUZENTY3Q0QwQTAxMTY3MzI4Rl92aWRlb19kYXNoaW5pdC5tcDQVAALIARIAFQIYOnBhc3N0aHJvdWdoX2V2ZXJzdG9yZS9HSlVSeXg5WlRjaUpkTE1FQUk4UmFtZDRlRHMwYnFfRUFBQUYVAgLIARIAKAAYABsAFQAAJsLgl%2Bzt4NU%2FFQIoAkMzLBdARDul41P3zxgSZGFzaF9iYXNlbGluZV8xX3YxEQB1%2Fgdl5p0BAA%3D%3D&ccb=9-4&oh=00_AfUQtXBqJDWUTAmzRLS2clUxgMt0oYeB20PYCYunh3Tz1w&oe=68B20D3B&_nc_sid=8b3546
sainsburys,,Instagram,https://www.instagram.com/p/DNX1SOboaNi/,2025-08-15 10:30:00+00:00,,,,"3 customers, 1 colleague and up to 10 personalised discounts...but who will find their Your Nectar Prices first?üõíüôå

*18+. Digital Nectar registration required. Unlock up to 10 Your Nectar Prices per week in the Nectar app, www.nectar.com, Sainsbury‚Äôs online or on SmartShop. Your Nectar Prices are individual to you and vary per customer. Examples and prices are for illustrative purposes only. T&Cs apply.

#YourNectarPrices #Sainsburys #Nectar",,"['YourNectarPrices', 'Sainsburys', 'Nectar']",157,12,5178,,Video,,,,,,https://scontent-dfw5-1.cdninstagram.com/o1/v/t16/f2/m86/AQNnL-XEWYFdOah-TwPMG3Hbiby0a5_U5zpZ-WzhCwBV2XS2L8PPpoQxQ7kHqQ9ZRkL981YJd8XLEiKIwpFycKkxXRDmQYr-yb9Nf3w.mp4?stp=dst-mp4&efg=eyJxZV9ncm91cHMiOiJbXCJpZ193ZWJfZGVsaXZlcnlfdnRzX290ZlwiXSIsInZlbmNvZGVfdGFnIjoidnRzX3ZvZF91cmxnZW4uY2xpcHMuYzIuNzIwLmJhc2VsaW5lIn0&_nc_cat=103&vs=744684678369612_3434476147&_nc_vs=HBksFQIYUmlnX3hwdl9yZWVsc19wZXJtYW5lbnRfc3JfcHJvZC8yMDQyOEU4MTRBNkY1Q0MyRjZBMUJCOTM0NkM2MzU5N192aWRlb19kYXNoaW5pdC5tcDQVAALIARIAFQIYOnBhc3N0aHJvdWdoX2V2ZXJzdG9yZS9HQVpHd2gtLWhwTkRkVzRDQUV3c3ZfUzVfc1pjYnFfRUFBQUYVAgLIARIAKAAYABsAFQAAJrL7qKK%2F99M%2FFQIoAkMzLBdAUWuFHrhR7BgSZGFzaF9iYXNlbGluZV8xX3YxEQB1%2Fgdl5p0BAA%3D%3D&ccb=9-4&oh=00_AfXs0Y-piWb8xH6iCmyMdzBJN1NkaW0j-GqX_nCVC3JuwA&oe=68B1FE4A&_nc_sid=8b3546
morrisons,,Instagram,https://www.instagram.com/p/DN28j1YWFVy/,2025-08-27 12:30:59+00:00,,,,"It‚Äôs a Morrisons love story, baby, just say, ‚ÄúYes‚Äù üíç",,,236,15,,,Sidecar,,,,,,https://instagram.fabe1-1.fna.fbcdn.net/v/t51.2885-15/539806562_18520725820004171_9115947900538315971_n.jpg?stp=dst-jpg_e15_fr_p1080x1080_tt6&_nc_ht=instagram.fabe1-1.fna.fbcdn.net&_nc_cat=111&_nc_oc=Q6cZ2QHHVukKtah6IJPRSNiGHy4D8N8mms9nObQ6u_FrvsbKZegJ1Okq5kX5P8OTydQDdOo&_nc_ohc=102t3-osaaYQ7kNvwFg5bov&_nc_gid=_P62yWRiJRYpW2lHldYkng&edm=AOQ1c0wBAAAA&ccb=7-5&ig_cache_key=MzcwODQxNzY4MjE2NzA4NzM4OQ%3D%3D.3-ccb7-5&oh=00_AfWH9YHlNyJ3gYqDbjk4gUzIOOS82IZvqowGZV2ipqGlbQ&oe=68B5F365&_nc_sid=8b3546
morrisons,,Instagram,https://www.instagram.com/p/DN0h9dnWg7f/,2025-08-26 14:00:12+00:00,,,,How about 'all of the above‚Äô? üëÄ,,,71,14,,,Image,,,,,,https://instagram.fabe1-1.fna.fbcdn.net/v/t51.2885-15/539778419_18520566826004171_3744179369172712486_n.jpg?stp=dst-jpg_e15_fr_p1080x1080_tt6&_nc_ht=instagram.fabe1-1.fna.fbcdn.net&_nc_cat=111&_nc_oc=Q6cZ2QHHVukKtah6IJPRSNiGHy4D8N8mms9nObQ6u_FrvsbKZegJ1Okq5kX5P8OTydQDdOo&_nc_ohc=65Yuwmgln5UQ7kNvwHxvyK8&_nc_gid=_P62yWRiJRYpW2lHldYkng&edm=AOQ1c0wBAAAA&ccb=7-5&ig_cache_key=MzcwNzczNzc1MjQ1NDQzNDUyNw%3D%3D.3-ccb7-5&oh=00_AfUAsgdBiT0Jx1S8XVSS7vy6ZzscIl6DbxPdRVR2Ykim8A&oe=68B5EA90&_nc_sid=8b3546
morrisons,,Instagram,https://www.instagram.com/p/DNz_r45Mdq3/,2025-08-26 09:00:00+00:00,,,,"We‚Äôve teamed up with¬†@birdseyeuk to offer a¬† limited edition back to school dish in our Cafes!üëÄ

Our Birdseye Hunters Chicken¬†Potato Waffle Stack is available¬†until the 14th Septemberüßá... Receive¬†a FREE kids meal and notebook when purchased, perfect for a dinner date with your little oneüíö

*Notebooks available¬†whilst stocks last",,,106,5,3635,,Video,,,,,,https://instagram.fabe1-1.fna.fbcdn.net/o1/v/t16/f2/m86/AQNA5YshUfnDRvxv3Zoxxz_1dzpw8CtLJGW5yFf3uo91NlEuE9MIqUuhiaBK2cLZDiZu4Z2nc2cNXYSCclgT5fAe_yvwd9_Wl9vXdrE.mp4?stp=dst-mp4&efg=eyJxZV9ncm91cHMiOiJbXCJpZ193ZWJfZGVsaXZlcnlfdnRzX290ZlwiXSIsInZlbmNvZGVfdGFnIjoidnRzX3ZvZF91cmxnZW4uY2xpcHMuYzIuNzIwLmJhc2VsaW5lIn0&_nc_cat=103&vs=1500852437763939_874469342&_nc_vs=HBksFQIYUmlnX3hwdl9yZWVsc19wZXJtYW5lbnRfc3JfcHJvZC9EMTQ1Qzg2QzM3RDhCQ0I3RDBFQzA2NDg2NjIxOTc5Q192aWRlb19kYXNoaW5pdC5tcDQVAALIARIAFQIYOnBhc3N0aHJvdWdoX2V2ZXJzdG9yZS9HRy1wNkItalFYQVZydmxWQUJNbE8xanZLQjBmYnFfRUFBQUYVAgLIARIAKAAYABsAFQAAJrzbz6uJ5tY%2FFQIoAkMzLBdAMdU%2FfO2RaBgSZGFzaF9iYXNlbGluZV8xX3YxEQB1%2Fgdl5p0BAA%3D%3D&ccb=9-4&oh=00_AfXQTbRKPNDWrtI_W1haD-L67dECsjD9Av_pPHor9xBNsg&oe=68B1EBCF&_nc_sid=8b3546
morrisons,,Instagram,https://www.instagram.com/p/DNxop5UMcP_/,2025-08-25 11:00:00+00:00,,,,Pumpkin Spice season has officially arrivedüß°... Check out our new in Nutmeg Home collection in store nowüçÇ,,,255,4,,,Sidecar,,,,,,https://instagram.fabe1-1.fna.fbcdn.net/v/t51.2885-15/535947080_18519413200004171_883942574323872472_n.jpg?stp=dst-jpg_e35_p1080x1080_sh0.08_tt6&_nc_ht=instagram.fabe1-1.fna.fbcdn.net&_nc_cat=111&_nc_oc=Q6cZ2QHHVukKtah6IJPRSNiGHy4D8N8mms9nObQ6u_FrvsbKZegJ1Okq5kX5P8OTydQDdOo&_nc_ohc=7X9PJSEnHYIQ7kNvwEl9g4y&_nc_gid=_P62yWRiJRYpW2lHldYkng&edm=AOQ1c0wBAAAA&ccb=7-5&ig_cache_key=MzcwNDA4MjU0NDA1NjE2NDU5Ng%3D%3D.3-ccb7-5&oh=00_AfVLZRcsD4Chjfk_nR__yHfoaLEUSoBwcxxPQ0Zi5bH2Mg&oe=68B60C28&_nc_sid=8b3546
morrisons,,Instagram,https://www.instagram.com/p/DNvCJ4pQB_1/,2025-08-24 10:46:39+00:00,,,,"AD | It‚Äôs carnival season! Let‚Äôs cook up some rice and peas with the help of @morrisons üáØüá≤üáØüá≤üáØüá≤üáØüá≤

#jamaica #jamaican #riceandpeas",,"['jamaica', 'jamaican', 'riceandpeas']",2080,56,30693,,Video,,,,,,https://instagram.fabe1-1.fna.fbcdn.net/o1/v/t16/f2/m86/AQOG18j1J2-T1qBNAE--l7AkuqtsDbrXfrvEvTLLlE_dWvjysX_UywxfJvvYnipcW-gF3E3ve0JghFPBwmfv7tSiAGTNX9WKg-LG_Hc.mp4?stp=dst-mp4&efg=eyJxZV9ncm91cHMiOiJbXCJpZ193ZWJfZGVsaXZlcnlfdnRzX290ZlwiXSIsInZlbmNvZGVfdGFnIjoidnRzX3ZvZF91cmxnZW4uY2xpcHMuYzIuNzIwLmJhc2VsaW5lIn0&_nc_cat=108&vs=1292167542600111_2543813950&_nc_vs=HBksFQIYUmlnX3hwdl9yZWVsc19wZXJtYW5lbnRfc3JfcHJvZC84MDRGNkVENENFNzkyODIxQzI4RDkyRTFBNTJFQkI4Nl92aWRlb19kYXNoaW5pdC5tcDQVAALIARIAFQIYOnBhc3N0aHJvdWdoX2V2ZXJzdG9yZS9HRDZ3SXlENjZwOHh5andGQVBRRmFoSWZQcW81YnFfRUFBQUYVAgLIARIAKAAYABsAFQAAJqznwp3f69U%2FFQIoAkMzLBdAT0zMzMzMzRgSZGFzaF9iYXNlbGluZV8xX3YxEQB1%2Fgdl5p0BAA%3D%3D&ccb=9-4&oh=00_AfUYRMqPJ5EE9ycZQMKh5Fa64cfroNrJJlVTuj4CV8GV9g&oe=68B1F59D&_nc_sid=8b3546
morrisons,,Instagram,https://www.instagram.com/p/DNszoz5sqg7/,2025-08-23 14:00:00+00:00,,,,We‚Äôve got a coupla Cole Palmer‚Äôs in our midst‚Ä¶ or not üòÖ Who do you think is going to win the PL this year? üèüÔ∏è‚öΩÔ∏è #premierleague #penalties,,"['premierleague', 'penalties']",94,4,10324,,Video,,,,,,https://instagram.fabe1-1.fna.fbcdn.net/o1/v/t16/f2/m86/AQP70D8sGFlLYVGboRBQbaLJVaZwMqLvzF0Is3hmx6LHe_lUCK1chGQj_nj7xLfXVA1m1OKTiHV1brWXoBSIK6WNxXUFn0dFJ5k4IFc.mp4?stp=dst-mp4&efg=eyJxZV9ncm91cHMiOiJbXCJpZ193ZWJfZGVsaXZlcnlfdnRzX290ZlwiXSIsInZlbmNvZGVfdGFnIjoidnRzX3ZvZF91cmxnZW4uY2xpcHMuYzIuNzIwLmJhc2VsaW5lIn0&_nc_cat=109&vs=1445469923167083_1397228208&_nc_vs=HBksFQIYUmlnX3hwdl9yZWVsc19wZXJtYW5lbnRfc3JfcHJvZC8zRDRCNzc2NkYyM0UwNTQ4M0IyODAwQjQ0REU1ODhCOF92aWRlb19kYXNoaW5pdC5tcDQVAALIARIAFQIYOnBhc3N0aHJvdWdoX2V2ZXJzdG9yZS9HS0RzOUJfX3J5YUJ5MjhHQU9sejB3Zm1ZWlJXYnFfRUFBQUYVAgLIARIAKAAYABsAFQAAJrypier55dY%2FFQIoAkMzLBdAPhDlYEGJNxgSZGFzaF9iYXNlbGluZV8xX3YxEQB1%2Fgdl5p0BAA%3D%3D&ccb=9-4&oh=00_AfXNSK-HP8IIwBYXKZ_HSnA11IIw8I5ohv06I3HLQf3TpA&oe=68B1FFA7&_nc_sid=8b3546
morrisons,,Instagram,https://www.instagram.com/p/DNsDjrpsD_d/,2025-08-23 07:00:00+00:00,,,,"Cosy season incomingü§≠... Head down to your local store to shop our NEW Nutmeg autumn collection, a must for the pumpkin spice seasonüíö",,,328,12,4487,,Video,,,,,,https://instagram.fabe1-1.fna.fbcdn.net/o1/v/t16/f2/m86/AQNAYQTxoZ4meUymPblNdz1wdnfWrtmxpCEDSnkWZh4nROivCe0tT6AQC8HlYKQ1khhUZM0lw844j-ZiMsLQLBqLefqFELHS3vGfYz0.mp4?stp=dst-mp4&efg=eyJxZV9ncm91cHMiOiJbXCJpZ193ZWJfZGVsaXZlcnlfdnRzX290ZlwiXSIsInZlbmNvZGVfdGFnIjoidnRzX3ZvZF91cmxnZW4uY2xpcHMuYzIuNzIwLmJhc2VsaW5lIn0&_nc_cat=102&vs=797093739660776_2631969452&_nc_vs=HBksFQIYUmlnX3hwdl9yZWVsc19wZXJtYW5lbnRfc3JfcHJvZC84MDRBREEwQzA3RUY2QzMxNTU5M0UwQjcyN0U5RkRBNF92aWRlb19kYXNoaW5pdC5tcDQVAALIARIAFQIYOnBhc3N0aHJvdWdoX2V2ZXJzdG9yZS9HR1NpN0I4OFcyVXZudjBGQUtzNFJXWjBpSDVaYnFfRUFBQUYVAgLIARIAKAAYABsAFQAAJryam%2BWV5tY%2FFQIoAkMzLBdALMzMzMzMzRgSZGFzaF9iYXNlbGluZV8xX3YxEQB1%2Fgdl5p0BAA%3D%3D&ccb=9-4&oh=00_AfV2uZO4cbQoOygGU-wZLVb3taUwTfCDNHXyRuwTNMzU4A&oe=68B1F354&_nc_sid=8b3546
morrisons,,Instagram,https://www.instagram.com/p/DNqOxvYz9yj/,2025-08-22 14:00:11+00:00,,,,"Eat, Sleep, Little Treat, Repeat... how‚Äôs your BH weekend looking? ‚òÄÔ∏è",,,40,0,,,Image,,,,,,https://instagram.fabe1-1.fna.fbcdn.net/v/t51.2885-15/538632998_18519875077004171_1017764259766411207_n.jpg?stp=dst-jpg_e15_fr_p1080x1080_tt6&_nc_ht=instagram.fabe1-1.fna.fbcdn.net&_nc_cat=111&_nc_oc=Q6cZ2QHHVukKtah6IJPRSNiGHy4D8N8mms9nObQ6u_FrvsbKZegJ1Okq5kX5P8OTydQDdOo&_nc_ohc=QJB1ETa6-p8Q7kNvwELOnhT&_nc_gid=_P62yWRiJRYpW2lHldYkng&edm=AOQ1c0wBAAAA&ccb=7-5&ig_cache_key=MzcwNDgzODYzNDI1MzMxMTEzOQ%3D%3D.3-ccb7-5&oh=00_AfWReC6MMDp9Ny6M5DCQ1nrfh_ASXaq9s3eC8WZ_FCbMsQ&oe=68B60707&_nc_sid=8b3546
morrisons,,Instagram,https://www.instagram.com/p/DNnw2WSgA4_/,2025-08-21 15:00:11+00:00,,,,"Does the Summer Snacking stage tickle your pickle? ü•í Or perhaps you‚Äôre going gaga over the gammon steaks on the Main Stage.. üíö‚Å£
‚Å£
What‚Äôs your ultimate Morrisons festival line-up? ü§î",,,87,5,,,Image,,,,,,https://instagram.fabe1-1.fna.fbcdn.net/v/t51.2885-15/536983733_18519430600004171_2976341980836676716_n.jpg?stp=dst-jpg_e15_fr_p1080x1080_tt6&_nc_ht=instagram.fabe1-1.fna.fbcdn.net&_nc_cat=111&_nc_oc=Q6cZ2QHHVukKtah6IJPRSNiGHy4D8N8mms9nObQ6u_FrvsbKZegJ1Okq5kX5P8OTydQDdOo&_nc_ohc=Yq87846O2DgQ7kNvwHoMsKX&_nc_gid=_P62yWRiJRYpW2lHldYkng&edm=AOQ1c0wBAAAA&ccb=7-5&ig_cache_key=MzcwNDE0NDA1OTU1MjUwMTMxMQ%3D%3D.3-ccb7-5&oh=00_AfVA3XGwlvr11_R-k5SzZMXg3_Ezn5vHCKE5gPw3f-aOcg&oe=68B5FF04&_nc_sid=8b3546
morrisons,,Instagram,https://www.instagram.com/p/DNlTARQMEzd/,2025-08-20 16:00:00+00:00,,,,"Sweet treats only this bank holiday pleaseüç∞ Head down to your local Market Street to shop our NEW bakery lines, perfect for sharing with your bestie... or notü§≠ #morereasons #bakeryboard #marketstreet",,"['morereasons', 'bakeryboard', 'marketstreet']",204,47,201204,,Video,,,,,,https://instagram.fabe1-1.fna.fbcdn.net/o1/v/t16/f2/m86/AQNCwwsG4TEnCO7zb54Ab_0d8-OsbUobW0L_Z9_GVaaws4axxUZEnfwn7RH2HdInqfnOk5LFSU2jJHBhu7GeYrB-zK_Cryoei6lKHe8.mp4?stp=dst-mp4&efg=eyJxZV9ncm91cHMiOiJbXCJpZ193ZWJfZGVsaXZlcnlfdnRzX290ZlwiXSIsInZlbmNvZGVfdGFnIjoidnRzX3ZvZF91cmxnZW4uY2xpcHMuYzIuNzIwLmJhc2VsaW5lIn0&_nc_cat=100&vs=1305274714549998_2892737719&_nc_vs=HBksFQIYUmlnX3hwdl9yZWVsc19wZXJtYW5lbnRfc3JfcHJvZC8yOTRDMzg3NTY1MDkzNDNCNTI3NzFFM0REQ0M0QURCMF92aWRlb19kYXNoaW5pdC5tcDQVAALIARIAFQIYOnBhc3N0aHJvdWdoX2V2ZXJzdG9yZS9HSzR5NlI5WkxfckIxS1VDQUxNYUxOcUpDR0VpYnFfRUFBQUYVAgLIARIAKAAYABsAFQAAJrytr9HM2NY%2FFQIoAkMzLBdAMxDlYEGJNxgSZGFzaF9iYXNlbGluZV8xX3YxEQB1%2Fgdl5p0BAA%3D%3D&ccb=9-4&oh=00_AfVFi0Qy0wv-2p5MzP0RlJJObkrBK_uqZbuTQqDx48wGRg&oe=68B21D31&_nc_sid=8b3546
morrisons,,Instagram,https://www.instagram.com/p/DNlL4rysZK-/,2025-08-20 14:58:35+00:00,,,,"It‚Äôs never too early‚Ä¶ right?üòèüéÖüèª 

#mincepies #marketstreet #christmas",,"['mincepies', 'marketstreet', 'christmas']",609,263,,,Image,,,,,,https://instagram.fabe1-1.fna.fbcdn.net/v/t51.2885-15/535190791_18518501791004171_740108394944716012_n.jpg?stp=dst-jpg_e35_p1080x1080_sh0.08_tt6&_nc_ht=instagram.fabe1-1.fna.fbcdn.net&_nc_cat=111&_nc_oc=Q6cZ2QHHVukKtah6IJPRSNiGHy4D8N8mms9nObQ6u_FrvsbKZegJ1Okq5kX5P8OTydQDdOo&_nc_ohc=VczIoj3bQH0Q7kNvwEtU-BM&_nc_gid=_P62yWRiJRYpW2lHldYkng&edm=AOQ1c0wBAAAA&ccb=7-5&ig_cache_key=MzcwMzQxODU0MjQwNTgxNzAyMg%3D%3D.3-ccb7-5&oh=00_AfXDBrI7aQhur7YDYXyje7hAZUDSv2hGa1wLGE-W2Wfn8A&oe=68B5FBC1&_nc_sid=8b3546
morrisons,,Instagram,https://www.instagram.com/p/DNki2_bh6Uw/,2025-08-20 09:00:36+00:00,,,,"Feel restored, indulged, and nourished with their new Tropical Blend body washes, shop in store now ‚ú®",,,55,2,1297,,Video,,,,,,https://instagram.fabe1-1.fna.fbcdn.net/o1/v/t16/f2/m86/AQM_o8t4lkgqMxQSSrGlsZ9MuJ5w6e7FY6An_YgpbEhzMqPw9NcVjjYzxySy1Yp8BMB8IAsmSlF2h9fKHwmbWDjI1AbEJic7WMVbOJ8.mp4?stp=dst-mp4&efg=eyJxZV9ncm91cHMiOiJbXCJpZ193ZWJfZGVsaXZlcnlfdnRzX290ZlwiXSIsInZlbmNvZGVfdGFnIjoidnRzX3ZvZF91cmxnZW4uY2xpcHMuYzIuNzIwLmJhc2VsaW5lIn0&_nc_cat=111&vs=31266784546239087_2145890167&_nc_vs=HBksFQIYUmlnX3hwdl9yZWVsc19wZXJtYW5lbnRfc3JfcHJvZC9CNjQwNjI3RUQyRjNGODY3NDhEQjA5RDlCQjlBM0RBRl92aWRlb19kYXNoaW5pdC5tcDQVAALIARIAFQIYOnBhc3N0aHJvdWdoX2V2ZXJzdG9yZS9HSlZmQlNCNndBNDlXV0lIQUNEN2dSSGstalJBYnFfRUFBQUYVAgLIARIAKAAYABsAFQAAJrz%2BqMWg3tY%2FFQIoAkMzLBdAJ8zMzMzMzRgSZGFzaF9iYXNlbGluZV8xX3YxEQB1%2Fgdl5p0BAA%3D%3D&ccb=9-4&oh=00_AfU63bGJCPQo-HpkMZ9X3wO0noU0tMxgmPUU6rXXxm8NXA&oe=68B1EC30&_nc_sid=8b3546
